id,truther911,obamabirth,fincrisis,fluorolights,endtimes,sorosplot,iraqjews,vaportrail,y
1,2,2,2,1,1,1,1,1,Conservative
7,1,3,3,2,1,3,1,1,Conservative
8,1,4,2,1,3,5,2,3,Conservative
9,5,3,3,3,2,3,3,3,Conservative
10,1,2,4,2,5,2,1,3,Conservative
11,1,1,5,1,3,3,3,1,Conservative
14,1,3,3,2,3,4,2,2,Conservative
15,1,3,1,3,3,3,1,1,Conservative
20,1,1,3,1,4,1,1,1,Conservative
22,2,5,3,2,5,4,3,3,Conservative
24,1,3,2,2,3,3,3,1,Conservative
25,1,4,2,2,3,4,2,2,Conservative
30,1,2,1,2,3,5,2,1,Conservative
33,1,2,3,3,2,2,1,1,Conservative
44,1,3,1,1,1,5,1,1,Conservative
47,1,3,3,2,1,4,1,2,Conservative
49,5,5,5,5,5,5,5,5,Conservative
51,2,3,2,1,2,3,2,2,Conservative
55,1,2,2,1,2,3,1,1,Conservative
59,1,4,3,2,3,3,2,1,Conservative
62,1,4,2,2,2,4,2,1,Conservative
66,4,5,5,5,3,5,3,3,Conservative
67,3,5,4,4,2,3,4,1,Conservative
69,1,4,2,4,5,4,1,1,Conservative
70,1,2,1,1,2,1,1,1,Conservative
76,1,4,3,2,5,5,1,1,Conservative
77,1,5,3,1,3,3,3,1,Conservative
82,1,2,1,1,1,1,1,1,Conservative
83,3,3,3,2,4,3,3,3,Conservative
89,1,5,3,2,3,5,1,1,Conservative
101,1,3,1,2,3,4,1,1,Conservative
104,1,2,2,2,4,4,2,2,Conservative
109,1,2,2,1,5,3,1,1,Conservative
111,1,3,4,5,4,3,4,3,Conservative
113,1,1,1,1,4,4,1,1,Conservative
121,1,4,2,3,3,5,2,3,Conservative
122,1,3,3,2,5,3,3,2,Conservative
124,1,1,1,1,4,4,1,2,Conservative
129,1,1,3,2,4,2,1,1,Conservative
131,2,5,3,2,5,4,2,2,Conservative
132,1,3,3,2,5,3,2,3,Conservative
134,2,4,3,2,2,2,2,2,Conservative
135,2,2,2,1,2,1,3,1,Conservative
138,1,2,2,1,3,1,1,1,Conservative
140,1,2,1,1,1,1,1,1,Conservative
144,1,3,1,3,2,5,1,1,Conservative
146,1,3,4,3,3,4,1,2,Conservative
153,1,2,2,2,3,3,2,2,Conservative
156,3,3,3,3,3,3,3,3,Conservative
163,3,2,2,1,2,1,2,1,Conservative
169,2,3,3,4,1,1,1,1,Conservative
172,1,3,2,2,4,4,3,2,Conservative
174,2,5,3,1,2,4,2,1,Conservative
179,1,3,1,1,3,3,1,1,Conservative
181,3,5,3,3,4,3,4,3,Conservative
186,1,3,4,1,1,1,1,3,Conservative
189,3,2,3,2,3,2,2,2,Conservative
196,1,3,2,1,4,3,2,1,Conservative
197,1,4,1,3,4,2,1,1,Conservative
209,1,3,3,3,3,3,3,3,Conservative
213,5,5,4,1,5,3,2,3,Conservative
220,2,2,3,3,2,2,2,2,Conservative
222,1,3,1,1,5,1,1,1,Conservative
227,1,5,3,3,5,5,3,4,Conservative
228,1,3,3,3,3,3,3,2,Conservative
229,1,5,5,3,5,5,3,2,Conservative
241,1,5,4,3,5,4,1,2,Conservative
243,1,3,1,1,2,4,1,1,Conservative
247,1,5,2,1,3,5,1,1,Conservative
249,1,5,4,3,3,5,1,3,Conservative
257,1,1,2,1,1,1,1,1,Conservative
261,1,4,2,3,2,4,2,1,Conservative
266,3,3,3,2,3,3,3,3,Conservative
268,3,5,5,1,1,5,5,5,Conservative
272,1,2,3,1,4,3,1,5,Conservative
296,1,2,2,1,2,5,2,2,Conservative
310,3,1,3,2,5,3,4,3,Conservative
316,2,5,3,1,3,3,4,3,Conservative
326,1,1,1,1,5,3,1,1,Conservative
327,1,2,1,1,3,1,2,1,Conservative
329,1,3,2,2,3,4,2,1,Conservative
332,1,2,1,1,1,1,1,1,Conservative
334,1,2,3,1,4,4,1,2,Conservative
336,3,5,4,3,5,4,3,4,Conservative
343,1,4,1,1,3,4,1,1,Conservative
349,1,5,3,1,1,3,2,1,Conservative
356,1,4,2,2,2,2,2,2,Conservative
357,1,3,1,1,5,4,1,1,Conservative
358,1,3,2,4,3,4,1,1,Conservative
367,1,4,3,3,5,3,1,1,Conservative
368,5,1,3,1,4,3,4,NA,Conservative
376,1,5,3,2,3,5,3,1,Conservative
378,1,3,2,1,1,4,1,1,Conservative
385,1,4,4,3,5,5,2,3,Conservative
392,3,5,1,3,5,3,3,4,Conservative
397,2,3,2,3,3,4,3,2,Conservative
408,1,3,1,1,4,4,3,3,Conservative
410,1,3,1,1,1,4,1,1,Conservative
415,1,1,5,1,1,1,1,1,Conservative
420,1,2,2,3,2,5,1,2,Conservative
424,1,4,2,1,4,5,2,1,Conservative
427,1,3,3,1,3,3,2,1,Conservative
437,3,2,3,3,3,3,3,3,Conservative
440,1,3,2,2,1,2,2,1,Conservative
441,1,3,3,2,3,3,2,2,Conservative
468,1,5,4,3,4,5,3,3,Conservative
469,1,5,1,3,5,3,3,3,Conservative
473,3,4,3,3,5,2,3,2,Conservative
480,3,4,3,3,3,3,3,3,Conservative
488,3,4,1,4,3,4,3,3,Conservative
490,1,3,3,4,3,5,1,1,Conservative
492,1,4,2,2,5,3,3,2,Conservative
493,2,5,4,2,4,5,2,2,Conservative
499,4,4,3,3,3,3,3,2,Conservative
509,1,2,1,2,2,3,1,1,Conservative
513,1,3,3,1,5,5,1,1,Conservative
516,1,2,1,2,3,2,1,1,Conservative
525,3,1,4,2,1,1,1,3,Conservative
536,5,2,3,2,4,2,3,2,Conservative
542,2,4,2,2,3,2,2,2,Conservative
555,1,3,2,2,4,5,2,2,Conservative
556,2,3,2,1,4,3,2,2,Conservative
566,1,2,2,1,1,2,1,1,Conservative
569,2,5,4,3,5,5,2,2,Conservative
574,1,4,4,1,1,5,1,1,Conservative
578,1,3,3,2,4,4,2,1,Conservative
580,1,4,1,3,2,3,2,2,Conservative
591,3,3,4,4,4,3,4,3,Conservative
593,4,5,5,5,5,5,3,4,Conservative
594,2,4,3,1,3,1,3,3,Conservative
599,2,2,2,2,3,5,2,2,Conservative
600,1,4,3,1,3,3,1,1,Conservative
611,1,5,2,4,4,5,1,2,Conservative
612,1,2,3,3,2,3,3,2,Conservative
617,2,4,4,3,4,5,3,3,Conservative
625,4,2,4,2,1,2,3,3,Conservative
626,1,5,2,2,4,5,2,2,Conservative
628,2,4,4,3,3,3,2,2,Conservative
632,1,3,1,3,3,4,2,3,Conservative
637,1,4,3,4,5,3,3,3,Conservative
645,4,1,4,1,1,2,2,2,Conservative
653,1,5,2,2,4,5,1,2,Conservative
657,5,2,5,3,1,3,5,2,Conservative
658,1,4,4,2,1,2,1,2,Conservative
674,1,5,3,2,4,4,3,1,Conservative
677,3,4,3,NA,3,3,4,3,Conservative
678,3,5,4,3,4,4,2,3,Conservative
687,5,5,5,5,3,5,3,2,Conservative
689,1,2,1,1,2,2,1,1,Conservative
690,1,1,1,1,3,1,1,1,Conservative
691,1,3,1,1,1,1,1,1,Conservative
700,1,3,2,1,1,3,1,1,Conservative
703,3,1,3,3,3,3,3,3,Conservative
710,4,2,4,3,5,3,3,3,Conservative
718,1,2,3,3,2,3,1,3,Conservative
719,1,2,1,1,1,4,1,1,Conservative
745,2,2,4,2,2,2,3,2,Conservative
749,2,2,4,1,3,3,4,3,Conservative
764,2,4,4,2,5,4,2,2,Conservative
778,3,3,4,3,3,4,NA,4,Conservative
785,1,4,2,1,4,4,1,1,Conservative
807,1,3,3,1,3,5,1,1,Conservative
808,1,5,2,5,3,4,1,1,Conservative
814,1,2,2,2,1,4,2,2,Conservative
818,1,4,2,2,2,2,2,2,Conservative
819,1,3,1,2,4,3,1,1,Conservative
821,1,3,1,1,1,3,1,1,Conservative
823,4,4,3,2,3,3,4,3,Conservative
826,1,5,2,1,3,4,1,1,Conservative
833,1,5,4,3,4,5,1,3,Conservative
838,1,2,2,2,1,3,2,2,Conservative
845,3,5,3,2,4,3,3,2,Conservative
847,2,5,2,1,1,4,1,1,Conservative
848,1,1,2,2,2,2,1,1,Conservative
849,1,2,2,2,3,3,2,2,Conservative
850,1,1,3,1,3,4,1,1,Conservative
857,4,5,2,3,4,5,5,3,Conservative
861,4,3,4,4,5,3,4,4,Conservative
867,2,3,3,2,2,3,4,3,Conservative
878,1,3,1,1,5,5,1,1,Conservative
885,1,1,3,3,5,3,3,3,Conservative
915,1,4,2,2,2,3,1,2,Conservative
921,1,1,1,1,1,2,1,1,Conservative
928,1,3,3,3,4,4,1,1,Conservative
931,3,5,3,1,4,3,3,4,Conservative
956,3,1,4,1,1,1,3,1,Conservative
959,1,1,1,2,1,1,1,1,Conservative
960,2,1,3,2,3,2,2,2,Conservative
964,1,2,1,1,2,2,2,1,Conservative
969,3,4,2,2,5,2,2,4,Conservative
970,4,3,2,5,5,5,4,2,Conservative
972,1,5,3,1,3,5,3,2,Conservative
977,1,3,2,2,3,5,1,1,Conservative
989,1,4,4,2,4,5,2,2,Conservative
998,3,5,3,3,3,3,3,3,Conservative
1014,2,1,5,3,5,4,4,2,Conservative
1019,2,4,3,5,4,3,2,1,Conservative
1020,1,5,3,3,4,3,2,2,Conservative
1027,4,4,4,2,2,2,1,2,Conservative
1031,1,2,4,1,2,4,2,1,Conservative
1034,1,2,3,3,1,4,1,1,Conservative
1049,1,4,1,1,2,3,1,1,Conservative
1050,1,4,3,2,3,5,1,2,Conservative
1051,3,4,3,1,2,3,2,2,Conservative
1053,2,1,1,2,3,4,3,1,Conservative
1061,1,5,1,2,5,4,1,1,Conservative
1063,5,5,3,3,4,5,2,2,Conservative
1068,1,4,2,2,1,4,1,1,Conservative
1069,1,4,4,2,5,4,5,3,Conservative
1082,1,3,1,4,3,5,3,1,Conservative
1092,3,4,3,1,3,3,4,3,Conservative
1093,1,3,2,1,3,4,3,1,Conservative
1098,1,2,3,1,3,3,1,1,Conservative
1126,2,3,2,2,1,4,2,2,Conservative
1134,1,2,2,1,3,3,1,1,Conservative
1147,1,1,1,2,1,1,1,1,Conservative
1149,1,3,2,2,2,4,2,1,Conservative
1152,3,5,3,4,4,5,1,1,Conservative
1158,4,4,5,4,4,4,4,4,Conservative
1159,1,5,3,1,3,5,1,2,Conservative
1161,1,4,2,3,1,5,1,1,Conservative
1174,1,3,1,1,1,3,1,1,Conservative
1182,2,3,3,2,3,5,3,3,Conservative
1192,4,5,5,5,2,5,3,4,Conservative
1216,4,3,4,4,4,3,3,3,Conservative
1218,2,2,2,1,3,2,4,3,Conservative
1221,3,1,5,3,3,3,3,3,Conservative
1233,4,4,2,1,3,3,2,2,Conservative
1247,1,2,2,3,1,4,2,2,Conservative
1263,3,3,3,2,3,4,2,3,Conservative
1278,1,2,2,4,3,3,2,1,Conservative
1281,1,4,3,2,3,3,3,3,Conservative
1283,1,4,1,2,3,5,1,2,Conservative
1290,1,3,2,2,4,2,2,2,Conservative
1294,1,4,2,1,4,3,2,3,Conservative
1295,2,5,1,2,3,3,2,2,Conservative
1296,2,1,3,1,2,4,2,1,Conservative
1297,4,5,3,4,5,3,3,3,Conservative
1304,3,5,5,3,5,5,4,4,Conservative
1305,1,2,3,1,2,4,1,1,Conservative
1307,5,4,4,3,3,4,4,5,Conservative
1310,1,3,2,2,2,5,1,1,Conservative
1313,1,4,4,1,2,5,1,1,Conservative
1316,1,4,3,3,3,4,5,5,Conservative
1321,2,3,2,2,2,3,2,2,Conservative
1327,4,4,4,4,4,3,3,3,Conservative
1333,2,2,4,2,2,3,4,3,Conservative
1336,2,3,3,3,3,3,1,3,Conservative
1337,1,2,3,1,1,3,3,2,Conservative
1338,1,3,2,2,1,4,2,1,Conservative
1341,1,5,2,1,1,5,1,1,Conservative
1345,2,3,3,3,2,3,2,2,Conservative
1373,4,4,2,2,2,5,1,1,Conservative
1375,1,5,2,2,4,5,1,2,Conservative
1387,1,2,2,1,3,2,4,1,Conservative
1402,1,4,3,1,3,4,1,1,Conservative
1403,1,5,4,3,3,3,1,2,Conservative
1406,2,4,2,4,1,5,2,2,Conservative
1407,2,4,4,4,4,5,2,3,Conservative
1411,2,5,4,1,3,4,2,1,Conservative
1413,1,2,3,1,2,2,1,1,Conservative
1419,1,3,3,3,3,3,3,2,Conservative
1421,1,2,2,2,3,2,1,1,Conservative
1440,1,1,3,1,3,2,1,1,Conservative
1443,1,5,3,2,2,4,3,1,Conservative
1445,2,1,3,1,3,3,1,1,Conservative
1448,5,1,2,2,2,NA,2,2,Conservative
1450,1,5,3,2,4,4,2,3,Conservative
1457,1,5,1,1,2,4,1,1,Conservative
1467,2,3,3,1,1,1,4,2,Conservative
1471,1,4,3,5,1,5,1,1,Conservative
1490,1,5,2,2,4,4,1,1,Conservative
1494,1,4,2,2,3,4,1,1,Conservative
1495,1,2,1,2,3,4,1,1,Conservative
1497,1,3,2,1,1,3,1,1,Conservative
1499,1,3,4,1,3,5,1,1,Conservative
1502,1,5,4,3,4,3,3,3,Conservative
1508,1,1,1,1,1,1,1,1,Conservative
1509,1,2,3,3,3,4,2,2,Conservative
1515,4,4,4,2,1,2,2,1,Conservative
1519,1,2,1,2,3,4,1,1,Conservative
1528,2,4,4,1,3,5,3,2,Conservative
1535,1,3,1,2,1,4,1,1,Conservative
1537,1,4,2,1,3,3,2,1,Conservative
1539,1,3,1,1,3,5,1,1,Conservative
1541,2,4,1,1,3,5,1,2,Conservative
1560,1,4,2,1,1,5,1,2,Conservative
1569,1,1,1,1,3,2,1,1,Conservative
1579,3,4,4,3,3,4,4,4,Conservative
1588,1,3,4,2,1,3,1,1,Conservative
1590,1,4,1,1,1,5,1,1,Conservative
1607,2,2,2,1,1,4,3,2,Conservative
1610,1,1,1,1,1,5,2,1,Conservative
1611,1,2,1,1,3,4,2,1,Conservative
1614,1,4,2,2,3,3,1,1,Conservative
1616,1,3,2,2,3,4,1,2,Conservative
1619,2,5,3,3,3,5,2,1,Conservative
1620,1,2,2,3,2,5,1,1,Conservative
1621,1,3,3,1,2,4,2,2,Conservative
1623,1,3,1,2,1,3,2,1,Conservative
1626,2,5,5,1,4,5,1,1,Conservative
1634,1,5,4,2,5,2,1,1,Conservative
1640,4,3,5,2,4,3,3,2,Conservative
1643,1,5,3,3,4,3,2,2,Conservative
1649,4,5,5,5,3,2,2,5,Conservative
1653,3,3,3,3,3,3,3,3,Conservative
1658,1,2,1,1,3,5,1,1,Conservative
1662,5,1,4,5,5,3,3,3,Conservative
1672,2,2,4,4,2,2,2,1,Conservative
1675,4,3,3,1,1,3,3,3,Conservative
1689,2,3,3,3,3,3,3,2,Conservative
1693,1,5,3,1,2,3,1,1,Conservative
1698,2,4,4,4,5,2,4,2,Conservative
1707,1,4,1,2,3,4,1,2,Conservative
1710,2,3,2,1,1,4,2,2,Conservative
1716,1,3,1,5,2,5,1,1,Conservative
1724,2,3,2,2,2,3,2,2,Conservative
1730,1,2,2,1,3,4,1,1,Conservative
1736,1,3,2,1,2,4,1,1,Conservative
1754,1,3,3,3,1,5,3,1,Conservative
1763,5,1,3,1,5,3,1,1,Conservative
1765,1,4,1,1,1,1,1,1,Conservative
1766,1,3,1,2,3,4,1,1,Conservative
1770,2,2,2,1,2,3,1,1,Conservative
1772,1,3,2,1,1,2,2,1,Conservative
1779,2,4,5,5,5,5,5,5,Conservative
1792,3,5,4,3,3,4,5,2,Conservative
1797,1,2,1,1,1,1,1,1,Conservative
1812,1,2,2,1,3,3,2,3,Conservative
1815,4,4,2,2,5,3,1,2,Conservative
1816,2,4,4,3,5,5,2,4,Conservative
1820,3,4,4,2,2,3,3,3,Conservative
1824,1,4,3,2,4,4,1,1,Conservative
1825,2,3,3,NA,3,4,3,3,Conservative
1826,1,3,2,3,2,4,1,3,Conservative
1830,1,1,1,2,3,4,1,1,Conservative
1831,2,5,4,4,5,5,1,4,Conservative
1836,1,1,5,1,1,1,1,1,Conservative
1840,4,4,3,1,5,5,5,5,Conservative
1841,4,2,4,2,3,3,2,2,Conservative
1847,1,4,1,1,2,5,1,1,Conservative
1851,3,4,3,3,3,3,2,2,Conservative
1858,1,5,3,3,3,5,1,3,Conservative
1861,5,5,4,1,1,1,NA,1,Conservative
1873,1,5,5,2,4,3,4,1,Conservative
1874,4,5,5,5,5,5,4,1,Conservative
1876,4,3,3,3,3,NA,3,3,Conservative
1891,1,3,2,2,3,3,2,3,Conservative
1928,2,4,3,4,4,4,2,3,Conservative
1932,1,5,5,1,5,3,1,3,Conservative
1933,3,3,4,NA,4,5,4,3,Conservative
1938,3,4,3,2,3,3,4,4,Conservative
1946,1,3,3,4,3,4,1,1,Conservative
1958,3,3,2,3,4,5,3,2,Conservative
1963,1,4,2,2,3,2,2,2,Conservative
1967,1,4,3,3,4,3,3,2,Conservative
1968,3,4,3,1,2,2,1,2,Conservative
1972,3,2,NA,2,5,3,2,2,Conservative
1976,1,3,4,1,5,1,1,1,Conservative
1978,3,3,3,2,4,2,4,3,Conservative
1979,4,4,5,5,5,5,5,5,Conservative
1980,3,3,3,3,5,3,4,5,Conservative
1987,1,5,1,1,1,5,1,1,Conservative
1996,2,5,1,2,1,5,1,1,Conservative
1998,4,3,3,3,3,3,3,3,Conservative
17,4,1,1,1,1,1,3,1,Liberal
18,3,1,1,1,1,1,1,1,Liberal
27,3,1,5,2,2,2,3,2,Liberal
34,3,1,2,1,1,2,3,1,Liberal
41,2,1,3,1,2,1,2,1,Liberal
45,3,1,2,2,1,1,3,2,Liberal
53,3,2,4,3,2,2,3,2,Liberal
73,1,1,1,1,1,1,3,1,Liberal
78,1,1,4,1,2,2,2,1,Liberal
81,2,1,1,1,1,1,1,1,Liberal
87,1,1,3,1,1,3,3,3,Liberal
108,3,1,4,1,1,1,2,3,Liberal
114,4,2,4,3,3,2,4,3,Liberal
142,4,1,3,1,1,1,5,1,Liberal
143,2,1,4,1,3,3,2,2,Liberal
149,1,1,5,1,2,3,3,1,Liberal
187,1,1,1,1,1,3,1,1,Liberal
193,1,1,1,1,1,1,3,1,Liberal
199,1,1,3,1,1,1,1,1,Liberal
206,1,1,2,1,1,1,2,1,Liberal
221,1,1,1,1,1,1,1,1,Liberal
233,1,1,1,1,3,1,1,1,Liberal
234,2,1,2,1,2,1,3,1,Liberal
274,1,1,1,1,1,1,2,1,Liberal
284,2,1,3,1,1,1,2,2,Liberal
291,3,1,4,2,3,2,4,2,Liberal
300,1,2,2,1,2,1,1,1,Liberal
302,2,3,2,1,3,3,2,2,Liberal
307,1,1,2,2,1,2,2,1,Liberal
312,2,1,5,2,2,3,3,1,Liberal
315,4,5,4,5,3,2,3,3,Liberal
317,4,1,1,1,3,1,1,1,Liberal
333,3,1,3,1,1,2,3,2,Liberal
344,3,1,3,1,3,2,4,1,Liberal
348,4,1,2,1,1,1,4,1,Liberal
352,1,1,1,1,1,1,1,1,Liberal
364,1,2,2,1,3,3,1,2,Liberal
365,2,1,1,1,1,3,3,1,Liberal
374,4,1,3,1,1,1,4,2,Liberal
377,1,1,5,1,1,1,3,1,Liberal
388,2,2,3,2,3,3,4,2,Liberal
390,3,1,4,1,1,1,3,1,Liberal
393,2,1,3,1,1,1,1,1,Liberal
398,1,1,2,1,1,1,4,1,Liberal
403,3,1,4,3,3,3,3,NA,Liberal
412,2,1,3,2,1,1,4,1,Liberal
416,1,1,2,2,1,1,1,1,Liberal
422,3,1,3,1,3,3,2,1,Liberal
431,3,2,4,2,2,3,4,2,Liberal
432,2,1,4,1,1,2,4,1,Liberal
453,3,1,3,3,3,2,1,3,Liberal
455,1,1,2,1,3,3,3,3,Liberal
470,3,1,3,3,1,3,3,3,Liberal
472,2,2,5,3,4,4,5,5,Liberal
477,3,3,3,3,3,NA,3,3,Liberal
478,4,1,5,1,1,3,5,1,Liberal
495,3,2,3,3,4,3,2,4,Liberal
505,1,2,1,1,3,3,3,2,Liberal
507,5,4,4,4,5,4,4,4,Liberal
512,1,1,1,1,1,1,1,1,Liberal
518,1,1,2,1,1,1,3,1,Liberal
529,2,1,2,1,1,2,2,2,Liberal
535,3,1,4,1,1,3,3,2,Liberal
539,1,1,1,1,1,1,1,1,Liberal
564,1,1,1,1,2,1,3,1,Liberal
565,1,1,1,1,1,1,3,1,Liberal
568,1,1,1,1,1,1,1,1,Liberal
570,1,1,1,1,1,1,3,1,Liberal
584,1,1,2,1,2,1,3,1,Liberal
585,1,1,1,1,1,1,2,1,Liberal
595,2,2,3,2,2,2,3,2,Liberal
601,3,1,2,1,1,1,2,3,Liberal
616,3,1,4,3,3,3,3,4,Liberal
671,3,3,3,3,5,3,3,3,Liberal
675,5,1,5,3,5,3,3,3,Liberal
685,1,1,1,1,1,1,3,3,Liberal
696,1,1,3,3,1,3,2,1,Liberal
698,1,1,3,1,1,1,2,2,Liberal
699,3,1,4,1,1,3,5,1,Liberal
701,3,1,3,1,2,2,NA,1,Liberal
707,4,3,3,4,3,3,3,3,Liberal
708,2,1,3,2,1,1,3,1,Liberal
724,2,1,3,2,2,3,3,2,Liberal
726,2,1,3,1,1,1,2,1,Liberal
730,2,1,5,2,1,2,4,1,Liberal
735,3,5,4,1,2,2,2,4,Liberal
736,1,1,1,1,1,1,1,1,Liberal
740,1,1,2,2,1,1,1,1,Liberal
752,1,1,1,1,1,1,1,1,Liberal
756,1,1,3,1,1,1,1,1,Liberal
757,1,3,3,3,5,3,2,2,Liberal
775,3,1,3,1,3,3,4,1,Liberal
782,1,1,1,1,1,1,1,1,Liberal
784,2,1,2,1,3,3,3,1,Liberal
789,3,1,1,1,1,1,2,1,Liberal
799,4,2,4,4,4,4,4,2,Liberal
802,1,1,3,1,3,3,2,1,Liberal
805,1,1,1,1,1,1,1,1,Liberal
816,1,1,1,1,1,1,1,1,Liberal
824,1,1,1,1,1,1,1,1,Liberal
834,3,1,3,1,2,3,3,1,Liberal
843,2,1,3,2,2,2,2,2,Liberal
860,3,1,3,3,1,3,3,3,Liberal
866,1,1,1,1,1,1,1,1,Liberal
868,1,1,2,1,1,1,3,1,Liberal
869,4,3,4,4,2,3,4,3,Liberal
871,4,1,3,2,2,3,2,2,Liberal
882,4,3,3,3,4,3,3,3,Liberal
883,2,1,2,1,3,3,2,4,Liberal
935,1,1,1,1,2,2,1,1,Liberal
937,3,2,4,2,2,1,2,2,Liberal
947,5,5,2,4,2,3,3,4,Liberal
949,3,1,3,3,1,1,3,3,Liberal
1003,2,4,5,2,3,3,4,3,Liberal
1016,1,1,2,1,1,1,1,1,Liberal
1018,1,1,2,1,1,1,3,1,Liberal
1021,1,1,1,1,1,1,1,1,Liberal
1023,5,1,5,4,5,4,3,3,Liberal
1029,4,2,3,2,1,1,4,1,Liberal
1058,5,1,5,4,1,5,2,4,Liberal
1071,2,1,4,2,2,3,4,4,Liberal
1074,1,1,3,1,1,1,3,1,Liberal
1079,1,1,1,1,1,1,1,1,Liberal
1081,2,1,2,1,1,1,4,1,Liberal
1087,3,1,2,1,1,1,2,1,Liberal
1095,1,1,3,1,2,1,1,1,Liberal
1097,3,3,3,3,3,3,3,3,Liberal
1100,1,1,2,1,1,1,1,1,Liberal
1101,4,1,2,1,1,1,1,1,Liberal
1107,1,1,4,1,1,1,4,1,Liberal
1109,1,1,2,1,1,1,1,1,Liberal
1111,4,1,3,3,3,3,5,2,Liberal
1112,2,1,5,1,1,3,4,1,Liberal
1118,1,1,4,1,2,2,4,1,Liberal
1162,3,1,3,2,1,3,3,1,Liberal
1171,3,1,2,1,2,1,2,1,Liberal
1178,1,1,2,1,1,3,1,1,Liberal
1195,2,1,4,3,5,3,4,3,Liberal
1210,1,1,1,1,1,1,3,1,Liberal
1232,1,1,1,1,1,1,1,1,Liberal
1236,3,3,4,3,3,3,3,3,Liberal
1240,5,1,4,4,3,1,1,1,Liberal
1246,1,1,1,1,1,1,2,1,Liberal
1264,2,1,3,1,1,1,3,3,Liberal
1273,2,1,3,2,3,3,3,2,Liberal
1275,3,1,3,3,1,3,3,3,Liberal
1282,4,1,1,3,2,2,2,5,Liberal
1287,1,1,2,1,1,1,1,1,Liberal
1291,5,2,4,5,2,3,4,2,Liberal
1301,2,1,1,1,1,1,1,1,Liberal
1303,3,1,3,1,1,1,4,1,Liberal
1315,1,1,3,1,1,1,1,1,Liberal
1328,2,1,2,1,1,1,1,1,Liberal
1342,3,4,4,3,1,3,3,3,Liberal
1346,1,1,1,1,2,1,2,1,Liberal
1347,1,1,3,1,1,1,1,1,Liberal
1376,1,1,3,1,1,2,1,1,Liberal
1377,2,1,3,1,1,1,2,1,Liberal
1380,1,1,2,1,1,1,1,1,Liberal
1384,1,1,2,2,4,2,2,1,Liberal
1397,4,2,4,2,4,2,2,NA,Liberal
1400,1,1,2,1,1,1,1,1,Liberal
1415,2,2,3,3,4,3,3,2,Liberal
1416,1,1,1,1,4,1,1,1,Liberal
1427,3,2,2,2,2,3,2,2,Liberal
1428,1,1,2,1,1,3,3,1,Liberal
1435,1,1,4,1,1,1,2,2,Liberal
1436,3,2,2,3,2,2,1,2,Liberal
1439,1,1,1,1,1,1,1,1,Liberal
1473,3,1,2,1,1,1,2,1,Liberal
1480,1,1,3,1,1,2,3,2,Liberal
1481,5,1,1,1,1,1,2,1,Liberal
1482,1,1,2,1,1,1,4,1,Liberal
1498,4,1,5,1,1,3,2,1,Liberal
1501,2,1,1,1,1,1,1,1,Liberal
1512,1,1,1,1,1,1,3,1,Liberal
1514,1,1,1,1,3,1,2,1,Liberal
1538,1,1,1,1,1,1,1,1,Liberal
1549,2,1,3,2,1,1,3,2,Liberal
1559,2,1,5,4,2,3,3,3,Liberal
1572,1,1,3,1,1,3,1,1,Liberal
1595,4,1,2,1,3,2,3,2,Liberal
1596,1,1,1,1,1,1,1,1,Liberal
1599,2,1,2,1,1,3,3,1,Liberal
1605,2,1,4,1,2,3,4,1,Liberal
1628,2,1,2,2,1,2,3,2,Liberal
1665,2,1,2,1,1,2,4,1,Liberal
1678,4,1,4,2,1,1,3,1,Liberal
1682,4,1,5,3,5,3,4,3,Liberal
1683,5,5,5,5,5,5,5,5,Liberal
1685,5,3,5,3,5,3,4,3,Liberal
1692,2,1,2,2,2,1,2,1,Liberal
1694,4,1,5,3,3,3,4,3,Liberal
1697,2,3,2,1,1,3,2,1,Liberal
1700,1,1,1,1,1,1,1,1,Liberal
1713,2,1,2,1,3,1,1,1,Liberal
1735,2,2,3,2,1,3,3,3,Liberal
1737,4,2,5,1,4,3,3,2,Liberal
1739,4,1,3,3,3,3,4,2,Liberal
1742,1,1,3,1,1,1,5,1,Liberal
1750,4,2,4,3,4,3,3,3,Liberal
1757,3,1,2,4,3,3,3,4,Liberal
1760,3,1,4,3,3,3,4,3,Liberal
1769,1,1,2,1,1,2,4,1,Liberal
1773,3,1,5,3,5,3,4,2,Liberal
1802,2,1,1,1,2,1,1,1,Liberal
1803,5,5,4,4,5,3,3,2,Liberal
1806,1,1,1,1,1,1,1,1,Liberal
1809,2,2,3,1,4,2,1,3,Liberal
1829,2,1,2,2,1,1,1,1,Liberal
1832,1,1,1,1,1,1,2,1,Liberal
1838,2,1,3,1,3,1,2,1,Liberal
1843,2,1,4,1,1,4,2,1,Liberal
1844,2,1,3,1,2,3,2,2,Liberal
1845,4,1,3,2,1,2,1,1,Liberal
1854,1,1,3,1,1,1,1,1,Liberal
1856,2,1,3,4,2,3,3,4,Liberal
1862,2,1,3,1,1,2,2,3,Liberal
1866,1,1,2,1,2,3,3,1,Liberal
1872,3,1,2,1,1,3,2,2,Liberal
1875,1,1,1,1,1,1,1,1,Liberal
1882,3,4,3,3,3,3,3,3,Liberal
1895,1,1,1,1,1,1,1,1,Liberal
1897,1,1,3,1,4,2,1,1,Liberal
1923,1,1,5,1,5,5,1,1,Liberal
1947,1,1,3,1,1,1,1,2,Liberal
1969,1,1,2,1,1,1,1,1,Liberal
1981,4,1,4,3,4,3,3,NA,Liberal
1982,3,1,5,4,5,3,4,3,Liberal
1983,1,5,5,1,1,3,1,1,Liberal
1988,4,5,3,4,2,4,3,2,Liberal
1989,2,1,3,1,1,1,2,1,Liberal
1995,2,1,3,1,4,2,3,3,Liberal
2,5,1,3,3,5,3,3,3,Middle of the Road
3,1,2,2,1,4,3,2,1,Middle of the Road
4,5,4,3,2,5,3,3,3,Middle of the Road
5,1,1,1,1,1,1,1,1,Middle of the Road
21,1,1,1,1,1,1,1,1,Middle of the Road
29,5,1,5,5,3,3,3,1,Middle of the Road
31,4,3,3,3,4,3,2,3,Middle of the Road
40,2,3,3,1,3,2,3,2,Middle of the Road
50,2,1,3,1,3,3,4,1,Middle of the Road
52,2,3,3,3,2,3,3,2,Middle of the Road
58,3,5,5,2,1,1,5,2,Middle of the Road
60,1,2,1,1,1,2,2,1,Middle of the Road
61,2,1,4,1,1,1,2,1,Middle of the Road
68,3,1,3,1,3,1,1,1,Middle of the Road
85,1,3,3,2,2,3,3,3,Middle of the Road
86,3,1,1,1,1,2,4,2,Middle of the Road
88,2,1,3,2,2,1,4,1,Middle of the Road
90,5,1,5,2,2,2,2,5,Middle of the Road
96,3,1,5,3,4,3,1,3,Middle of the Road
100,1,3,2,2,2,4,2,2,Middle of the Road
103,1,4,1,2,3,4,5,3,Middle of the Road
107,4,3,3,3,4,3,3,2,Middle of the Road
116,1,1,1,1,1,1,1,1,Middle of the Road
117,2,3,1,1,1,1,1,1,Middle of the Road
125,1,1,2,1,1,2,1,1,Middle of the Road
133,2,2,3,2,1,1,3,1,Middle of the Road
136,1,1,1,1,1,3,1,1,Middle of the Road
139,4,1,1,1,5,1,3,1,Middle of the Road
152,1,3,3,2,3,3,2,2,Middle of the Road
160,3,3,4,3,2,3,2,2,Middle of the Road
162,1,3,2,2,4,2,2,2,Middle of the Road
170,1,3,2,1,2,1,2,1,Middle of the Road
173,4,1,3,1,1,1,2,2,Middle of the Road
175,1,2,4,2,4,3,2,1,Middle of the Road
177,1,1,1,2,2,2,2,2,Middle of the Road
183,5,1,5,3,3,3,5,3,Middle of the Road
185,3,1,4,1,2,2,3,1,Middle of the Road
194,3,3,4,3,2,3,3,3,Middle of the Road
200,2,3,4,2,1,5,3,1,Middle of the Road
204,2,3,3,5,3,3,3,3,Middle of the Road
214,1,1,1,1,4,1,1,1,Middle of the Road
215,1,3,1,1,3,2,2,1,Middle of the Road
218,1,1,3,1,1,1,3,1,Middle of the Road
223,3,1,4,1,1,1,4,1,Middle of the Road
224,3,1,4,2,4,2,2,2,Middle of the Road
225,5,1,3,5,5,3,3,3,Middle of the Road
236,2,3,4,3,2,3,3,3,Middle of the Road
239,1,1,3,2,4,2,3,2,Middle of the Road
245,5,3,3,5,3,3,3,3,Middle of the Road
248,3,3,3,3,4,3,3,3,Middle of the Road
250,3,1,3,1,4,2,2,2,Middle of the Road
251,3,2,3,3,3,1,4,3,Middle of the Road
255,4,2,3,3,3,4,2,2,Middle of the Road
256,1,1,1,1,5,1,2,1,Middle of the Road
262,4,2,5,3,1,4,3,1,Middle of the Road
263,2,1,3,1,1,3,1,1,Middle of the Road
264,1,1,1,1,1,1,1,1,Middle of the Road
270,1,1,1,1,2,3,3,2,Middle of the Road
283,1,1,1,1,1,1,2,1,Middle of the Road
285,2,3,2,2,2,2,2,2,Middle of the Road
286,4,2,4,2,3,3,3,NA,Middle of the Road
288,2,2,2,2,2,2,2,2,Middle of the Road
290,3,3,3,3,1,3,1,1,Middle of the Road
298,1,1,3,3,3,3,3,3,Middle of the Road
308,2,2,3,2,2,2,2,2,Middle of the Road
311,4,5,3,2,4,3,4,1,Middle of the Road
313,1,5,3,1,3,3,1,1,Middle of the Road
318,3,3,5,3,4,3,4,3,Middle of the Road
320,1,2,4,2,2,2,3,2,Middle of the Road
322,5,5,5,2,3,3,4,3,Middle of the Road
323,1,2,3,1,4,2,2,2,Middle of the Road
328,5,1,5,5,1,5,5,3,Middle of the Road
337,1,2,1,2,2,3,1,1,Middle of the Road
340,3,3,3,3,3,3,3,3,Middle of the Road
345,1,5,5,3,3,3,2,1,Middle of the Road
353,5,5,4,1,2,3,3,3,Middle of the Road
354,5,3,3,4,5,5,5,5,Middle of the Road
366,4,4,4,2,2,3,4,2,Middle of the Road
371,3,4,5,3,3,3,3,3,Middle of the Road
373,4,1,3,2,2,3,3,2,Middle of the Road
375,4,5,5,5,5,5,5,5,Middle of the Road
379,1,2,3,2,3,3,3,2,Middle of the Road
380,2,2,3,2,2,2,2,2,Middle of the Road
387,1,1,3,2,3,3,3,3,Middle of the Road
389,3,1,3,4,5,4,4,4,Middle of the Road
395,1,1,1,1,1,1,1,1,Middle of the Road
396,2,2,3,2,3,2,2,2,Middle of the Road
406,2,1,3,2,2,1,3,3,Middle of the Road
407,3,3,5,5,3,3,3,3,Middle of the Road
411,2,2,2,1,1,3,4,1,Middle of the Road
414,4,3,3,1,3,3,3,1,Middle of the Road
425,5,3,5,1,1,3,3,1,Middle of the Road
428,1,1,2,1,2,2,2,2,Middle of the Road
429,3,4,4,3,5,3,4,3,Middle of the Road
433,3,2,3,2,3,2,2,2,Middle of the Road
434,2,1,3,1,3,3,4,2,Middle of the Road
435,1,1,2,2,3,1,1,1,Middle of the Road
436,1,1,5,1,2,3,3,1,Middle of the Road
442,2,1,4,1,1,1,4,1,Middle of the Road
445,1,2,4,1,2,3,3,2,Middle of the Road
446,1,2,2,2,1,3,3,1,Middle of the Road
450,1,3,3,3,5,3,4,1,Middle of the Road
451,1,1,3,1,3,1,2,1,Middle of the Road
454,1,1,2,1,1,3,2,2,Middle of the Road
459,4,2,3,2,2,2,3,2,Middle of the Road
460,3,1,5,3,1,1,4,2,Middle of the Road
462,3,1,3,3,5,5,3,3,Middle of the Road
466,5,1,1,1,4,3,3,3,Middle of the Road
471,4,2,1,2,4,1,2,2,Middle of the Road
476,3,4,4,3,4,4,2,2,Middle of the Road
479,1,1,1,1,1,1,1,1,Middle of the Road
481,2,4,1,1,3,3,2,1,Middle of the Road
482,3,3,4,1,1,3,3,3,Middle of the Road
489,2,1,1,1,1,1,3,3,Middle of the Road
491,2,3,3,2,2,3,2,2,Middle of the Road
501,2,3,3,3,3,3,3,2,Middle of the Road
508,1,1,2,1,3,2,2,2,Middle of the Road
511,3,3,4,4,3,3,3,3,Middle of the Road
515,1,1,2,2,2,1,3,1,Middle of the Road
526,1,1,4,1,1,1,1,1,Middle of the Road
530,1,1,1,1,1,1,1,1,Middle of the Road
538,1,3,1,3,2,4,2,1,Middle of the Road
540,1,1,2,2,2,2,2,1,Middle of the Road
541,3,3,3,2,4,2,3,2,Middle of the Road
547,2,2,2,1,2,2,4,3,Middle of the Road
548,1,1,2,1,3,1,3,1,Middle of the Road
560,4,2,3,1,3,2,4,3,Middle of the Road
562,1,3,1,1,1,1,3,1,Middle of the Road
563,2,3,5,3,1,2,3,3,Middle of the Road
571,1,2,3,2,1,2,3,1,Middle of the Road
573,3,1,3,3,3,3,3,3,Middle of the Road
581,2,2,4,2,4,2,2,2,Middle of the Road
582,3,3,3,1,3,3,3,3,Middle of the Road
589,1,5,4,2,4,3,2,2,Middle of the Road
596,3,1,1,1,5,3,3,1,Middle of the Road
605,1,4,2,2,2,5,2,2,Middle of the Road
607,3,3,4,3,2,3,2,3,Middle of the Road
608,3,4,3,3,3,3,3,3,Middle of the Road
613,1,3,1,1,3,1,1,1,Middle of the Road
615,3,1,3,3,2,3,2,3,Middle of the Road
619,4,3,5,4,3,5,4,3,Middle of the Road
621,4,3,3,3,3,3,4,1,Middle of the Road
623,1,1,1,1,1,1,1,1,Middle of the Road
627,3,3,4,2,3,3,3,3,Middle of the Road
630,1,4,3,2,4,3,3,3,Middle of the Road
633,3,3,4,2,3,2,1,2,Middle of the Road
635,1,2,2,1,2,2,1,2,Middle of the Road
636,2,1,3,3,3,3,2,3,Middle of the Road
640,1,2,4,1,3,2,4,1,Middle of the Road
642,2,5,3,1,3,2,3,2,Middle of the Road
648,1,3,2,2,3,3,1,1,Middle of the Road
654,3,5,2,1,1,1,1,1,Middle of the Road
660,3,1,3,1,5,3,4,3,Middle of the Road
663,4,3,4,2,4,3,4,4,Middle of the Road
665,3,3,3,NA,2,3,3,3,Middle of the Road
684,3,2,3,3,3,3,3,3,Middle of the Road
686,3,3,3,3,4,3,3,3,Middle of the Road
688,1,1,3,1,1,1,3,1,Middle of the Road
702,1,1,3,1,3,3,2,1,Middle of the Road
709,2,1,2,1,1,2,3,1,Middle of the Road
711,1,1,1,1,1,1,1,3,Middle of the Road
714,3,1,4,1,2,3,2,1,Middle of the Road
715,1,1,3,1,1,3,4,1,Middle of the Road
727,3,1,4,1,1,2,4,2,Middle of the Road
734,3,2,3,2,3,2,3,2,Middle of the Road
737,2,1,1,4,5,3,4,2,Middle of the Road
738,4,1,3,1,1,2,3,1,Middle of the Road
750,3,1,3,4,3,3,3,3,Middle of the Road
753,5,1,5,1,5,3,1,3,Middle of the Road
759,5,3,4,3,4,3,4,2,Middle of the Road
761,2,1,3,3,3,3,3,3,Middle of the Road
765,2,1,2,1,3,1,2,2,Middle of the Road
767,3,3,3,3,3,3,3,3,Middle of the Road
768,2,1,3,1,2,2,3,2,Middle of the Road
769,1,1,5,1,1,1,1,1,Middle of the Road
772,3,3,3,2,5,3,3,2,Middle of the Road
773,1,1,1,1,1,1,2,1,Middle of the Road
777,1,1,2,1,2,1,3,1,Middle of the Road
786,1,2,3,1,2,1,1,1,Middle of the Road
791,2,2,3,2,3,3,3,3,Middle of the Road
793,1,3,4,1,1,2,3,1,Middle of the Road
800,1,3,2,1,1,3,1,1,Middle of the Road
809,5,1,5,5,1,3,5,3,Middle of the Road
810,1,3,2,2,1,1,2,3,Middle of the Road
829,1,1,4,1,1,5,1,1,Middle of the Road
846,2,3,2,2,3,3,4,2,Middle of the Road
852,2,1,4,1,2,3,3,2,Middle of the Road
854,2,1,3,2,1,1,2,2,Middle of the Road
856,2,2,3,2,3,3,2,2,Middle of the Road
862,4,1,3,1,1,3,4,1,Middle of the Road
865,2,5,3,1,4,2,2,1,Middle of the Road
873,1,1,1,NA,1,1,1,5,Middle of the Road
874,3,2,3,3,4,3,3,3,Middle of the Road
876,4,4,3,5,3,3,5,5,Middle of the Road
881,2,1,3,1,2,1,2,1,Middle of the Road
884,1,3,3,1,3,3,3,1,Middle of the Road
891,2,1,4,1,2,2,2,1,Middle of the Road
894,1,1,1,1,1,1,2,1,Middle of the Road
897,3,1,2,2,3,2,3,1,Middle of the Road
898,1,1,1,1,1,1,1,1,Middle of the Road
899,4,3,4,2,2,2,4,2,Middle of the Road
900,3,3,3,3,3,3,3,3,Middle of the Road
903,1,2,2,1,5,4,2,2,Middle of the Road
911,2,2,4,2,2,2,3,2,Middle of the Road
916,2,1,3,1,4,2,3,1,Middle of the Road
917,1,2,3,1,3,2,3,1,Middle of the Road
918,2,1,5,3,1,1,3,2,Middle of the Road
919,1,3,3,1,3,2,1,1,Middle of the Road
926,1,3,4,1,3,1,1,1,Middle of the Road
929,2,2,4,3,3,3,3,3,Middle of the Road
933,3,3,3,2,4,3,3,3,Middle of the Road
938,2,3,3,2,3,3,2,2,Middle of the Road
939,4,4,2,1,5,3,3,2,Middle of the Road
940,3,5,3,4,3,3,3,3,Middle of the Road
944,2,4,3,2,3,3,3,2,Middle of the Road
945,3,1,4,3,4,3,4,3,Middle of the Road
952,3,2,3,3,3,3,4,3,Middle of the Road
967,1,2,3,1,3,3,3,3,Middle of the Road
968,5,5,5,5,5,5,5,5,Middle of the Road
971,3,5,3,2,3,3,3,3,Middle of the Road
973,3,1,3,1,3,3,1,3,Middle of the Road
974,2,2,3,1,3,3,2,1,Middle of the Road
975,3,4,3,2,4,3,3,3,Middle of the Road
985,1,3,2,1,1,1,1,1,Middle of the Road
990,4,2,2,2,4,3,3,3,Middle of the Road
991,4,2,2,4,4,2,2,2,Middle of the Road
993,3,2,3,3,4,3,3,2,Middle of the Road
994,5,1,5,5,1,1,5,5,Middle of the Road
997,4,1,2,2,2,3,2,2,Middle of the Road
999,4,1,2,1,1,1,3,1,Middle of the Road
1004,3,5,5,5,5,5,5,5,Middle of the Road
1006,2,1,3,1,1,2,3,1,Middle of the Road
1009,2,1,2,1,1,2,3,1,Middle of the Road
1010,5,3,5,5,3,3,4,3,Middle of the Road
1012,3,1,5,1,2,3,5,1,Middle of the Road
1013,1,1,2,1,1,1,1,1,Middle of the Road
1026,1,4,2,1,5,3,2,2,Middle of the Road
1028,2,5,5,5,5,4,3,1,Middle of the Road
1030,2,3,3,2,3,3,3,2,Middle of the Road
1033,1,2,4,2,3,5,1,1,Middle of the Road
1036,4,1,3,1,3,1,5,1,Middle of the Road
1044,3,4,3,3,2,3,3,3,Middle of the Road
1056,1,3,3,2,2,3,3,1,Middle of the Road
1067,1,1,1,1,1,1,3,1,Middle of the Road
1070,2,2,2,4,5,5,4,3,Middle of the Road
1073,3,3,3,3,3,3,3,3,Middle of the Road
1075,1,1,2,1,3,3,2,2,Middle of the Road
1084,5,5,4,4,5,4,4,4,Middle of the Road
1088,1,1,3,3,3,3,1,3,Middle of the Road
1089,2,2,1,1,3,4,1,1,Middle of the Road
1090,1,1,1,1,1,1,5,1,Middle of the Road
1091,2,1,3,2,5,3,4,2,Middle of the Road
1103,3,4,4,2,3,5,5,1,Middle of the Road
1104,2,3,1,2,2,3,2,2,Middle of the Road
1117,1,3,1,1,1,3,1,2,Middle of the Road
1119,5,2,4,3,3,2,4,1,Middle of the Road
1123,3,1,3,1,1,1,4,1,Middle of the Road
1128,5,1,3,NA,4,3,4,2,Middle of the Road
1130,1,1,1,1,1,1,1,1,Middle of the Road
1132,1,1,1,1,1,1,3,1,Middle of the Road
1133,1,3,1,1,1,1,1,1,Middle of the Road
1136,2,1,3,1,1,1,3,1,Middle of the Road
1140,3,5,3,2,2,2,2,2,Middle of the Road
1141,2,2,2,1,3,3,2,2,Middle of the Road
1142,2,1,4,1,1,1,1,1,Middle of the Road
1144,1,3,4,1,5,3,1,4,Middle of the Road
1150,3,3,2,2,3,3,2,3,Middle of the Road
1151,1,1,1,2,1,1,1,1,Middle of the Road
1160,5,3,3,3,3,3,3,5,Middle of the Road
1164,2,3,4,2,2,5,3,3,Middle of the Road
1166,4,1,3,1,1,1,5,3,Middle of the Road
1167,1,2,3,1,4,1,1,1,Middle of the Road
1175,3,4,3,4,5,1,5,3,Middle of the Road
1177,2,1,NA,1,1,1,2,1,Middle of the Road
1186,2,3,3,3,2,3,3,3,Middle of the Road
1187,3,3,3,1,2,1,3,1,Middle of the Road
1188,4,1,3,3,3,3,5,1,Middle of the Road
1189,3,5,3,3,4,4,4,3,Middle of the Road
1197,1,1,2,1,1,2,2,1,Middle of the Road
1199,1,1,3,1,1,1,5,1,Middle of the Road
1201,1,5,2,4,4,3,3,2,Middle of the Road
1202,2,2,1,1,1,1,1,1,Middle of the Road
1203,1,1,1,1,1,3,2,1,Middle of the Road
1212,5,1,3,1,2,2,2,1,Middle of the Road
1213,2,1,3,1,1,1,3,1,Middle of the Road
1215,3,2,5,4,2,3,5,4,Middle of the Road
1219,3,1,2,2,1,1,1,1,Middle of the Road
1222,3,5,3,2,2,3,4,2,Middle of the Road
1227,1,1,1,1,1,1,1,1,Middle of the Road
1228,3,3,3,3,3,3,3,3,Middle of the Road
1234,1,1,3,2,4,3,4,2,Middle of the Road
1235,2,1,2,2,1,1,2,2,Middle of the Road
1237,1,2,1,3,3,1,2,1,Middle of the Road
1239,1,1,4,1,1,1,1,1,Middle of the Road
1245,1,1,2,2,1,2,2,1,Middle of the Road
1248,2,3,4,3,2,5,5,1,Middle of the Road
1251,3,3,3,3,3,3,3,3,Middle of the Road
1253,1,1,3,1,3,1,2,2,Middle of the Road
1254,5,4,5,5,2,2,2,2,Middle of the Road
1255,5,5,5,1,5,2,4,2,Middle of the Road
1257,1,1,1,1,1,1,1,1,Middle of the Road
1259,2,1,3,2,1,1,2,1,Middle of the Road
1268,3,3,4,3,5,NA,3,3,Middle of the Road
1270,3,4,4,3,1,3,3,3,Middle of the Road
1271,2,1,1,1,1,1,4,1,Middle of the Road
1272,1,3,3,1,1,NA,1,1,Middle of the Road
1284,2,2,2,2,5,3,2,2,Middle of the Road
1292,1,1,1,1,3,2,2,1,Middle of the Road
1308,2,1,1,3,3,3,3,3,Middle of the Road
1309,3,2,4,3,3,3,4,4,Middle of the Road
1312,1,1,3,2,1,5,2,1,Middle of the Road
1314,3,1,2,1,3,2,3,NA,Middle of the Road
1322,3,1,3,1,4,3,3,1,Middle of the Road
1323,3,3,3,3,2,2,3,3,Middle of the Road
1325,5,1,5,1,1,2,4,1,Middle of the Road
1326,1,1,1,1,1,1,1,1,Middle of the Road
1329,2,4,5,3,4,2,3,1,Middle of the Road
1334,1,2,3,3,3,3,1,2,Middle of the Road
1339,1,4,2,1,1,4,2,4,Middle of the Road
1343,3,3,3,1,3,3,3,3,Middle of the Road
1349,1,1,1,1,1,5,1,1,Middle of the Road
1352,4,5,4,3,3,3,3,2,Middle of the Road
1354,1,2,3,2,3,3,3,2,Middle of the Road
1363,3,2,3,1,2,3,3,1,Middle of the Road
1364,2,1,1,3,3,3,4,3,Middle of the Road
1365,1,3,2,1,4,3,4,1,Middle of the Road
1366,3,1,5,3,3,5,3,3,Middle of the Road
1368,3,3,3,3,3,3,3,3,Middle of the Road
1369,5,5,5,1,1,4,5,5,Middle of the Road
1389,4,3,4,2,3,3,3,3,Middle of the Road
1394,5,5,2,1,1,4,1,1,Middle of the Road
1405,4,1,5,3,2,3,2,3,Middle of the Road
1410,1,3,4,5,3,3,1,1,Middle of the Road
1430,1,2,3,2,3,2,4,1,Middle of the Road
1437,2,1,2,1,1,1,2,1,Middle of the Road
1447,3,3,3,2,3,3,3,3,Middle of the Road
1451,2,5,2,1,2,3,2,2,Middle of the Road
1453,2,1,4,2,5,2,4,2,Middle of the Road
1460,2,5,2,1,4,3,1,1,Middle of the Road
1463,5,5,4,4,3,4,4,5,Middle of the Road
1466,2,1,1,1,1,1,2,1,Middle of the Road
1469,1,1,1,1,1,2,1,1,Middle of the Road
1472,1,5,1,1,1,5,1,1,Middle of the Road
1474,5,5,5,5,5,4,5,4,Middle of the Road
1478,1,1,4,1,2,1,4,1,Middle of the Road
1487,1,5,3,5,3,5,1,1,Middle of the Road
1489,1,1,1,1,1,1,2,1,Middle of the Road
1496,1,1,1,1,1,1,1,1,Middle of the Road
1503,4,4,4,4,4,4,4,4,Middle of the Road
1510,2,2,2,1,3,2,2,2,Middle of the Road
1511,3,1,4,5,5,5,5,2,Middle of the Road
1513,1,3,3,3,4,3,3,3,Middle of the Road
1518,5,5,4,3,3,3,3,1,Middle of the Road
1520,2,3,3,3,2,3,3,3,Middle of the Road
1531,1,1,3,1,1,2,2,1,Middle of the Road
1532,2,1,2,1,1,1,4,2,Middle of the Road
1534,5,2,5,5,5,5,5,5,Middle of the Road
1551,2,2,2,2,1,3,3,1,Middle of the Road
1553,5,1,5,5,5,5,3,5,Middle of the Road
1556,3,3,3,1,3,3,2,2,Middle of the Road
1558,3,3,3,3,1,3,3,3,Middle of the Road
1562,1,2,4,2,1,2,1,2,Middle of the Road
1563,2,2,2,2,2,2,2,2,Middle of the Road
1565,3,3,4,3,4,3,3,3,Middle of the Road
1566,1,1,1,1,1,1,1,2,Middle of the Road
1567,3,3,3,3,3,3,3,3,Middle of the Road
1571,3,5,5,3,3,3,1,5,Middle of the Road
1575,1,3,2,1,2,4,2,1,Middle of the Road
1577,2,3,3,2,3,3,3,2,Middle of the Road
1580,2,1,1,1,5,1,3,1,Middle of the Road
1582,1,2,2,1,2,2,1,2,Middle of the Road
1587,1,1,1,1,1,3,2,1,Middle of the Road
1594,1,2,4,2,3,3,2,1,Middle of the Road
1597,5,5,4,2,4,5,3,4,Middle of the Road
1600,2,2,4,1,1,3,2,1,Middle of the Road
1601,2,1,2,1,1,3,1,3,Middle of the Road
1602,4,1,4,5,3,4,4,5,Middle of the Road
1608,1,3,3,3,2,3,2,2,Middle of the Road
1617,3,1,3,1,2,3,3,3,Middle of the Road
1622,1,1,2,1,1,1,1,1,Middle of the Road
1625,3,3,3,2,2,2,2,2,Middle of the Road
1627,3,1,3,2,4,3,3,2,Middle of the Road
1631,2,2,2,2,3,3,3,2,Middle of the Road
1637,3,3,3,3,5,3,3,3,Middle of the Road
1639,4,1,4,1,1,2,3,1,Middle of the Road
1646,1,1,1,1,2,1,1,1,Middle of the Road
1647,1,1,2,2,4,3,2,1,Middle of the Road
1648,1,3,4,2,3,3,2,1,Middle of the Road
1651,3,1,4,3,3,2,4,2,Middle of the Road
1654,2,3,4,2,4,3,3,2,Middle of the Road
1655,4,4,4,4,4,4,4,4,Middle of the Road
1663,1,3,3,3,3,3,3,3,Middle of the Road
1664,2,5,4,3,4,3,4,2,Middle of the Road
1666,3,5,3,3,3,3,2,3,Middle of the Road
1667,1,4,2,2,2,2,2,2,Middle of the Road
1671,2,3,4,2,1,1,3,2,Middle of the Road
1674,1,2,3,2,1,2,2,1,Middle of the Road
1677,3,1,3,1,5,3,3,2,Middle of the Road
1686,1,2,3,1,3,3,3,4,Middle of the Road
1695,2,1,4,1,2,3,4,4,Middle of the Road
1701,1,1,4,1,3,3,4,1,Middle of the Road
1703,3,1,4,3,2,4,3,2,Middle of the Road
1711,1,1,1,1,1,2,2,1,Middle of the Road
1717,NA,3,2,1,1,2,2,1,Middle of the Road
1719,2,4,2,1,1,2,2,1,Middle of the Road
1722,1,1,2,1,1,1,2,1,Middle of the Road
1725,2,5,3,1,1,3,4,NA,Middle of the Road
1727,3,5,3,3,3,3,4,3,Middle of the Road
1729,1,5,3,1,5,3,5,1,Middle of the Road
1731,2,1,3,3,3,3,3,3,Middle of the Road
1732,2,4,4,1,1,3,3,4,Middle of the Road
1743,3,1,3,1,1,1,1,1,Middle of the Road
1744,1,1,1,1,1,1,1,1,Middle of the Road
1748,1,1,3,1,1,1,3,1,Middle of the Road
1751,5,3,3,3,3,4,5,5,Middle of the Road
1752,2,1,2,2,2,2,2,2,Middle of the Road
1755,1,1,1,1,1,1,1,1,Middle of the Road
1756,4,1,3,3,4,3,4,3,Middle of the Road
1758,2,1,3,NA,2,3,1,1,Middle of the Road
1762,1,3,3,2,3,5,1,1,Middle of the Road
1768,3,1,4,3,4,3,3,3,Middle of the Road
1771,3,3,3,3,3,3,3,3,Middle of the Road
1777,4,1,5,3,2,3,3,3,Middle of the Road
1780,3,4,4,2,3,4,4,1,Middle of the Road
1783,1,3,3,3,2,3,3,3,Middle of the Road
1785,1,2,2,2,2,2,2,2,Middle of the Road
1786,2,4,3,2,2,2,2,2,Middle of the Road
1789,4,1,3,1,1,3,3,2,Middle of the Road
1791,2,2,3,2,5,2,2,2,Middle of the Road
1793,1,1,1,1,1,1,1,1,Middle of the Road
1794,1,1,3,1,1,1,1,1,Middle of the Road
1795,1,1,1,1,1,1,2,1,Middle of the Road
1801,5,1,4,1,4,2,4,1,Middle of the Road
1811,3,1,2,1,1,2,1,1,Middle of the Road
1817,1,1,3,1,1,3,3,1,Middle of the Road
1846,3,3,3,3,4,3,3,3,Middle of the Road
1848,2,2,3,2,3,3,3,2,Middle of the Road
1865,2,1,3,3,3,3,3,3,Middle of the Road
1870,2,2,2,1,3,3,2,2,Middle of the Road
1881,1,1,3,1,1,2,1,2,Middle of the Road
1885,1,2,3,1,2,2,3,2,Middle of the Road
1886,2,1,3,1,3,3,4,3,Middle of the Road
1887,2,3,2,3,2,3,3,2,Middle of the Road
1892,3,3,3,2,2,3,2,2,Middle of the Road
1894,4,3,3,3,1,3,3,2,Middle of the Road
1896,3,3,3,4,5,3,3,3,Middle of the Road
1898,4,2,4,1,2,2,2,1,Middle of the Road
1900,1,1,1,1,1,1,1,1,Middle of the Road
1902,4,1,3,2,1,3,5,3,Middle of the Road
1904,3,2,4,2,3,4,4,2,Middle of the Road
1908,5,1,3,1,5,3,3,3,Middle of the Road
1910,5,4,4,2,4,4,4,3,Middle of the Road
1911,1,3,2,1,1,1,1,1,Middle of the Road
1918,4,1,3,1,2,3,3,3,Middle of the Road
1919,2,3,3,3,2,3,2,2,Middle of the Road
1920,2,3,3,1,5,3,2,1,Middle of the Road
1921,4,4,4,3,1,3,4,2,Middle of the Road
1924,5,1,3,3,4,3,3,3,Middle of the Road
1925,1,2,2,1,1,2,2,1,Middle of the Road
1927,3,3,3,3,3,3,3,3,Middle of the Road
1929,1,1,1,1,1,1,1,1,Middle of the Road
1931,3,2,4,5,5,4,3,5,Middle of the Road
1935,5,3,4,4,4,5,3,3,Middle of the Road
1936,1,1,1,1,1,1,1,1,Middle of the Road
1937,1,1,4,1,4,3,2,1,Middle of the Road
1942,3,1,5,1,5,3,5,3,Middle of the Road
1945,4,4,3,3,4,4,3,4,Middle of the Road
1948,3,1,3,3,1,3,4,3,Middle of the Road
1950,3,3,3,5,1,3,3,3,Middle of the Road
1951,1,1,3,1,1,1,2,1,Middle of the Road
1952,4,5,3,3,5,3,3,3,Middle of the Road
1959,1,2,3,2,3,3,2,2,Middle of the Road
1960,3,3,3,2,4,3,3,2,Middle of the Road
1961,3,2,4,2,3,3,5,3,Middle of the Road
1962,3,1,3,1,2,1,2,2,Middle of the Road
1965,1,1,1,1,1,3,1,1,Middle of the Road
1966,4,4,4,4,4,3,3,3,Middle of the Road
1984,5,2,4,3,3,3,4,3,Middle of the Road
1985,1,3,3,2,3,2,2,1,Middle of the Road
1986,3,4,NA,4,3,4,4,4,Middle of the Road
1992,5,5,5,5,4,5,3,4,Middle of the Road
1999,3,4,3,3,4,5,5,3,Middle of the Road
305,1,4,1,3,3,1,3,3,NA
350,1,2,3,1,1,5,1,1,NA
474,3,5,3,1,3,3,3,1,NA
514,4,1,5,1,1,1,2,2,NA
559,3,1,1,1,1,1,1,1,NA
644,5,5,5,4,1,5,3,5,NA
1085,1,1,3,1,1,1,4,1,NA
1096,3,1,4,1,1,1,2,1,NA
1191,2,1,2,1,1,1,3,1,NA
1476,4,3,5,3,1,3,5,1,NA
1914,3,3,3,3,2,3,3,3,NA
13,5,5,2,4,5,2,2,2,Not Sure
110,1,3,3,2,3,3,3,3,Not Sure
119,3,3,3,3,3,3,3,3,Not Sure
155,1,2,3,1,1,3,2,1,Not Sure
158,3,1,3,3,3,3,3,3,Not Sure
230,4,4,3,2,5,3,3,3,Not Sure
277,3,3,3,3,4,3,3,3,Not Sure
282,3,3,5,1,3,3,2,1,Not Sure
372,3,3,3,3,3,3,3,3,Not Sure
448,1,1,3,3,3,3,1,1,Not Sure
523,4,3,4,3,4,3,3,2,Not Sure
614,1,2,2,2,3,2,2,2,Not Sure
620,2,4,3,3,3,3,3,3,Not Sure
659,3,3,3,3,3,3,3,3,Not Sure
667,4,3,3,1,3,1,4,3,Not Sure
720,3,4,2,2,3,2,3,3,Not Sure
723,1,1,3,3,3,3,3,3,Not Sure
747,3,3,3,3,3,3,3,3,Not Sure
763,4,1,4,4,4,2,4,3,Not Sure
781,2,3,1,1,2,1,2,2,Not Sure
817,2,3,3,2,5,3,3,3,Not Sure
825,1,1,1,1,1,1,3,1,Not Sure
855,2,2,2,2,5,2,4,4,Not Sure
887,3,3,3,3,3,3,3,3,Not Sure
888,1,3,3,3,3,3,3,3,Not Sure
896,3,1,3,3,5,3,3,3,Not Sure
924,1,3,3,1,3,3,3,1,Not Sure
941,5,5,3,5,5,3,5,5,Not Sure
942,3,5,3,2,4,3,3,3,Not Sure
962,3,3,3,3,3,3,3,3,Not Sure
966,3,3,4,2,3,3,3,2,Not Sure
980,3,4,5,5,3,5,2,5,Not Sure
984,3,2,2,2,2,2,3,3,Not Sure
1000,4,3,3,3,5,3,3,4,Not Sure
1039,3,3,3,3,4,3,3,3,Not Sure
1077,5,2,5,1,3,2,5,1,Not Sure
1223,4,5,3,5,2,2,3,2,Not Sure
1224,3,1,3,2,1,3,3,1,Not Sure
1256,2,3,3,1,5,2,1,2,Not Sure
1372,4,1,3,2,1,3,1,1,Not Sure
1391,2,2,3,4,4,4,2,4,Not Sure
1396,4,4,4,4,4,4,4,4,Not Sure
1432,3,3,3,3,3,2,3,5,Not Sure
1441,5,4,4,2,5,3,3,4,Not Sure
1470,3,3,3,3,3,3,3,3,Not Sure
1477,4,3,3,3,3,3,3,3,Not Sure
1550,3,1,3,3,3,3,3,3,Not Sure
1554,4,3,3,3,3,3,4,3,Not Sure
1564,3,5,3,3,3,3,3,3,Not Sure
1613,4,3,3,2,3,2,3,3,Not Sure
1629,3,3,3,2,3,3,3,3,Not Sure
1661,3,4,3,1,3,3,3,3,Not Sure
1676,3,3,3,3,3,3,3,3,Not Sure
1691,3,4,3,4,2,3,3,3,Not Sure
1740,1,1,1,1,3,3,2,3,Not Sure
1761,1,3,1,1,3,3,3,3,Not Sure
1781,3,3,4,2,5,3,2,2,Not Sure
1807,1,1,1,1,1,1,1,3,Not Sure
1808,3,3,3,3,5,3,3,3,Not Sure
1810,1,3,3,3,1,3,1,1,Not Sure
1835,3,3,3,3,4,3,3,3,Not Sure
1889,3,2,3,1,1,3,2,3,Not Sure
1901,1,2,2,2,2,2,2,2,Not Sure
1913,3,3,3,3,3,3,3,3,Not Sure
1930,5,1,3,3,1,1,2,1,Not Sure
1939,4,4,3,1,3,3,2,3,Not Sure
1943,4,3,5,3,5,5,5,5,Not Sure
1964,2,3,2,4,2,4,4,3,Not Sure
1994,3,4,4,4,4,3,3,3,Not Sure
2000,3,3,3,3,3,3,3,3,Not Sure
12,1,1,3,1,1,1,1,1,Somewhat Conservative
19,1,5,3,2,4,3,2,2,Somewhat Conservative
26,1,5,3,1,2,3,2,1,Somewhat Conservative
28,2,3,3,2,3,3,2,1,Somewhat Conservative
42,2,3,2,1,2,4,4,2,Somewhat Conservative
48,1,5,3,5,5,3,3,3,Somewhat Conservative
71,1,1,1,1,1,1,1,1,Somewhat Conservative
75,1,4,2,2,4,5,1,1,Somewhat Conservative
84,3,4,3,2,2,4,2,2,Somewhat Conservative
118,4,4,4,4,4,4,4,4,Somewhat Conservative
123,1,3,1,1,2,2,1,1,Somewhat Conservative
130,1,2,3,1,1,3,1,1,Somewhat Conservative
141,2,1,2,1,4,3,2,2,Somewhat Conservative
148,4,4,3,1,1,3,2,1,Somewhat Conservative
164,2,2,2,1,3,1,1,1,Somewhat Conservative
176,3,5,5,3,5,4,4,5,Somewhat Conservative
178,2,4,2,2,2,3,2,2,Somewhat Conservative
180,1,3,2,4,1,4,1,1,Somewhat Conservative
195,1,2,2,1,3,4,2,1,Somewhat Conservative
201,3,1,5,3,3,3,3,3,Somewhat Conservative
202,2,1,4,3,2,3,2,2,Somewhat Conservative
211,1,1,3,1,2,3,2,2,Somewhat Conservative
231,1,2,2,2,3,3,2,2,Somewhat Conservative
232,1,2,3,2,3,3,2,1,Somewhat Conservative
235,3,4,3,2,3,2,2,2,Somewhat Conservative
242,4,4,3,4,4,5,4,3,Somewhat Conservative
246,1,2,2,1,4,1,1,1,Somewhat Conservative
269,2,2,2,1,1,2,1,1,Somewhat Conservative
271,3,3,3,3,3,2,3,3,Somewhat Conservative
273,1,4,3,1,3,4,1,1,Somewhat Conservative
301,1,4,1,1,1,5,1,1,Somewhat Conservative
304,2,3,3,3,5,4,1,1,Somewhat Conservative
309,2,2,3,2,2,3,2,2,Somewhat Conservative
314,1,3,1,1,1,3,1,1,Somewhat Conservative
321,1,1,1,1,2,2,1,1,Somewhat Conservative
331,1,1,1,1,4,3,3,1,Somewhat Conservative
339,4,4,5,1,3,5,2,3,Somewhat Conservative
342,1,2,3,1,5,4,1,3,Somewhat Conservative
347,1,3,3,3,2,5,1,2,Somewhat Conservative
361,1,3,2,2,4,4,2,1,Somewhat Conservative
370,1,5,4,2,4,3,1,1,Somewhat Conservative
383,3,3,3,3,3,3,3,3,Somewhat Conservative
394,2,3,5,3,3,5,2,3,Somewhat Conservative
401,5,1,5,1,1,3,5,3,Somewhat Conservative
402,4,3,3,3,3,3,2,3,Somewhat Conservative
404,3,5,4,3,1,3,4,1,Somewhat Conservative
405,1,3,3,3,2,2,2,2,Somewhat Conservative
413,3,2,3,3,3,4,3,3,Somewhat Conservative
419,1,2,2,3,2,4,1,1,Somewhat Conservative
430,1,3,2,1,2,2,2,2,Somewhat Conservative
439,4,5,5,3,5,3,3,5,Somewhat Conservative
458,3,3,5,3,3,4,4,4,Somewhat Conservative
475,1,2,1,1,2,1,2,1,Somewhat Conservative
484,1,3,2,2,2,4,1,3,Somewhat Conservative
500,3,5,3,4,3,5,4,3,Somewhat Conservative
506,1,5,1,1,1,1,2,1,Somewhat Conservative
510,3,3,3,3,3,3,3,3,Somewhat Conservative
517,1,1,1,2,1,2,1,1,Somewhat Conservative
520,4,4,5,3,3,3,5,3,Somewhat Conservative
521,1,3,3,3,3,3,1,3,Somewhat Conservative
522,3,2,3,2,3,3,3,2,Somewhat Conservative
527,2,3,3,1,1,3,3,2,Somewhat Conservative
531,1,3,3,1,1,3,2,1,Somewhat Conservative
532,2,1,4,2,1,1,1,1,Somewhat Conservative
545,1,2,1,1,2,2,2,1,Somewhat Conservative
549,3,3,3,1,1,4,1,1,Somewhat Conservative
551,1,1,2,1,2,3,1,1,Somewhat Conservative
553,1,2,1,1,4,4,1,1,Somewhat Conservative
572,1,4,2,2,4,4,2,2,Somewhat Conservative
609,3,1,5,3,3,3,5,3,Somewhat Conservative
624,3,5,3,2,3,1,2,1,Somewhat Conservative
641,1,1,3,1,3,3,2,1,Somewhat Conservative
643,5,1,4,1,5,3,4,3,Somewhat Conservative
647,4,3,4,2,2,3,5,3,Somewhat Conservative
651,4,3,3,3,3,3,3,3,Somewhat Conservative
661,3,3,2,2,5,2,2,2,Somewhat Conservative
664,1,5,2,1,4,5,1,1,Somewhat Conservative
681,4,3,4,2,2,3,3,3,Somewhat Conservative
683,2,2,2,2,4,3,2,2,Somewhat Conservative
693,1,4,3,2,1,1,3,1,Somewhat Conservative
697,1,3,2,2,5,2,2,2,Somewhat Conservative
704,5,1,3,1,1,3,3,1,Somewhat Conservative
705,1,1,1,1,2,2,2,2,Somewhat Conservative
706,1,3,1,3,2,4,2,1,Somewhat Conservative
712,1,1,1,1,2,1,1,1,Somewhat Conservative
713,2,1,4,NA,1,1,4,2,Somewhat Conservative
729,1,1,1,1,1,1,1,1,Somewhat Conservative
742,1,1,1,1,2,2,1,1,Somewhat Conservative
755,5,5,5,5,5,5,5,5,Somewhat Conservative
758,1,1,3,1,4,2,4,1,Somewhat Conservative
762,1,1,2,1,5,1,2,3,Somewhat Conservative
770,3,3,3,2,3,3,2,3,Somewhat Conservative
776,1,3,1,1,1,3,1,1,Somewhat Conservative
790,3,3,4,3,3,3,3,3,Somewhat Conservative
803,4,1,3,2,5,1,2,1,Somewhat Conservative
811,2,4,4,4,4,4,2,4,Somewhat Conservative
813,2,3,3,2,3,3,1,1,Somewhat Conservative
827,1,2,1,1,2,2,3,1,Somewhat Conservative
830,2,1,2,1,2,2,4,1,Somewhat Conservative
837,3,1,4,1,5,3,5,3,Somewhat Conservative
839,1,3,3,3,3,5,1,1,Somewhat Conservative
853,NA,5,3,3,3,3,4,3,Somewhat Conservative
864,3,3,3,3,3,3,3,3,Somewhat Conservative
872,1,1,3,3,3,3,3,NA,Somewhat Conservative
890,2,1,5,2,3,3,2,3,Somewhat Conservative
895,1,1,2,1,1,1,1,1,Somewhat Conservative
902,2,2,2,2,2,2,2,2,Somewhat Conservative
905,3,5,3,3,3,4,1,1,Somewhat Conservative
907,3,3,3,1,4,3,4,3,Somewhat Conservative
920,5,1,3,3,2,3,3,2,Somewhat Conservative
934,1,3,2,2,3,1,1,3,Somewhat Conservative
943,1,3,1,1,2,1,1,1,Somewhat Conservative
946,1,4,2,2,2,2,4,2,Somewhat Conservative
950,2,4,2,3,3,3,3,3,Somewhat Conservative
953,4,3,3,3,2,3,3,2,Somewhat Conservative
955,2,3,3,2,4,3,3,2,Somewhat Conservative
976,2,1,3,1,2,1,2,1,Somewhat Conservative
981,2,5,3,3,4,5,3,3,Somewhat Conservative
983,1,1,3,2,4,3,5,3,Somewhat Conservative
988,4,3,3,3,5,3,3,3,Somewhat Conservative
992,4,3,4,5,5,5,3,5,Somewhat Conservative
1008,1,3,3,1,2,5,3,2,Somewhat Conservative
1011,2,4,3,2,3,4,2,1,Somewhat Conservative
1017,1,3,2,4,4,5,1,1,Somewhat Conservative
1032,3,5,3,2,4,4,3,3,Somewhat Conservative
1037,1,2,1,2,4,3,1,1,Somewhat Conservative
1040,1,3,3,1,3,2,2,1,Somewhat Conservative
1045,3,3,3,1,3,3,3,3,Somewhat Conservative
1057,1,1,1,1,1,2,2,1,Somewhat Conservative
1060,1,3,3,1,2,4,1,1,Somewhat Conservative
1062,4,1,5,3,3,3,3,3,Somewhat Conservative
1064,1,4,2,3,1,5,1,1,Somewhat Conservative
1076,3,4,3,1,2,2,2,2,Somewhat Conservative
1083,1,1,3,4,1,3,2,1,Somewhat Conservative
1110,4,2,4,1,5,3,3,1,Somewhat Conservative
1114,1,1,1,1,3,3,1,1,Somewhat Conservative
1131,1,1,1,1,1,2,1,1,Somewhat Conservative
1143,1,3,3,3,3,5,1,1,Somewhat Conservative
1146,1,2,2,3,5,1,2,1,Somewhat Conservative
1155,2,3,3,3,2,3,2,4,Somewhat Conservative
1157,1,1,3,1,3,3,2,1,Somewhat Conservative
1169,4,3,2,2,2,4,2,2,Somewhat Conservative
1170,1,1,1,1,1,2,1,1,Somewhat Conservative
1173,2,4,3,2,5,2,3,2,Somewhat Conservative
1181,5,2,2,3,3,3,3,1,Somewhat Conservative
1185,1,3,4,2,5,3,2,2,Somewhat Conservative
1200,1,2,2,2,2,2,2,1,Somewhat Conservative
1206,2,2,4,2,3,4,2,3,Somewhat Conservative
1211,1,3,2,1,2,2,2,2,Somewhat Conservative
1220,1,4,2,1,3,3,3,1,Somewhat Conservative
1225,4,3,3,3,4,3,3,3,Somewhat Conservative
1241,2,3,3,1,3,3,2,2,Somewhat Conservative
1243,3,1,3,NA,3,3,3,3,Somewhat Conservative
1250,4,2,4,4,4,4,4,4,Somewhat Conservative
1252,1,5,2,3,3,5,4,4,Somewhat Conservative
1261,2,4,3,3,3,3,3,3,Somewhat Conservative
1265,1,4,2,1,1,2,1,1,Somewhat Conservative
1267,3,4,3,1,4,3,3,1,Somewhat Conservative
1279,3,3,5,1,1,5,5,3,Somewhat Conservative
1286,3,5,3,1,5,2,4,1,Somewhat Conservative
1288,2,2,2,1,3,2,1,1,Somewhat Conservative
1293,2,4,3,3,4,3,4,3,Somewhat Conservative
1311,1,3,1,2,2,4,1,1,Somewhat Conservative
1317,1,1,1,1,4,1,1,1,Somewhat Conservative
1324,2,3,4,3,5,3,2,3,Somewhat Conservative
1330,1,3,3,2,5,4,2,2,Somewhat Conservative
1335,1,5,3,2,1,3,2,1,Somewhat Conservative
1350,1,3,3,2,4,4,2,2,Somewhat Conservative
1360,2,4,3,2,4,3,5,1,Somewhat Conservative
1361,5,1,4,1,1,1,4,1,Somewhat Conservative
1371,2,3,4,2,2,4,3,3,Somewhat Conservative
1385,2,3,2,1,3,3,3,3,Somewhat Conservative
1390,1,5,1,1,5,1,1,1,Somewhat Conservative
1399,3,4,3,3,2,3,2,3,Somewhat Conservative
1401,2,4,1,1,3,4,1,1,Somewhat Conservative
1409,5,3,4,3,4,3,4,3,Somewhat Conservative
1418,2,2,4,2,4,3,1,3,Somewhat Conservative
1420,1,3,3,2,2,3,2,1,Somewhat Conservative
1422,2,1,2,1,1,3,1,2,Somewhat Conservative
1452,2,4,3,2,4,3,3,3,Somewhat Conservative
1454,1,4,3,1,1,5,1,1,Somewhat Conservative
1456,1,2,3,1,1,3,1,1,Somewhat Conservative
1458,2,4,3,2,3,2,2,2,Somewhat Conservative
1459,2,1,1,1,3,2,1,1,Somewhat Conservative
1462,2,4,3,3,2,3,2,4,Somewhat Conservative
1465,1,3,2,1,2,4,2,1,Somewhat Conservative
1468,1,3,1,1,3,5,1,1,Somewhat Conservative
1483,2,2,4,2,2,2,2,2,Somewhat Conservative
1484,4,1,5,1,5,5,5,5,Somewhat Conservative
1488,5,3,4,2,2,4,4,2,Somewhat Conservative
1500,2,2,3,1,1,3,4,1,Somewhat Conservative
1507,1,4,3,2,5,5,4,3,Somewhat Conservative
1517,1,2,2,1,1,3,1,1,Somewhat Conservative
1523,1,1,1,1,1,1,4,1,Somewhat Conservative
1530,1,2,3,2,5,3,2,3,Somewhat Conservative
1533,1,3,2,1,2,4,1,1,Somewhat Conservative
1543,1,5,3,4,5,5,3,3,Somewhat Conservative
1578,1,3,2,3,3,2,2,2,Somewhat Conservative
1581,4,2,4,2,2,3,2,1,Somewhat Conservative
1585,4,4,4,4,4,4,4,4,Somewhat Conservative
1586,3,3,3,3,3,3,3,3,Somewhat Conservative
1591,3,5,3,3,3,4,3,3,Somewhat Conservative
1603,1,4,2,1,4,5,2,1,Somewhat Conservative
1615,1,2,2,2,3,3,4,2,Somewhat Conservative
1618,1,1,2,1,1,1,1,3,Somewhat Conservative
1630,5,5,5,1,5,5,5,1,Somewhat Conservative
1638,1,3,4,3,3,4,2,2,Somewhat Conservative
1641,1,4,1,1,2,1,1,1,Somewhat Conservative
1644,3,4,5,2,3,3,2,2,Somewhat Conservative
1645,1,2,3,2,3,3,2,1,Somewhat Conservative
1656,4,2,3,3,3,3,3,3,Somewhat Conservative
1670,1,3,3,1,5,3,2,2,Somewhat Conservative
1680,2,3,3,3,3,3,2,2,Somewhat Conservative
1688,4,5,3,5,4,5,5,5,Somewhat Conservative
1706,1,3,3,1,2,3,2,1,Somewhat Conservative
1712,3,3,4,3,3,3,3,3,Somewhat Conservative
1734,1,2,3,1,4,3,3,1,Somewhat Conservative
1787,1,5,3,3,3,3,2,3,Somewhat Conservative
1798,3,3,3,3,5,3,3,3,Somewhat Conservative
1804,4,4,4,2,3,3,5,3,Somewhat Conservative
1814,4,5,5,5,2,5,3,3,Somewhat Conservative
1822,1,4,2,1,2,4,1,1,Somewhat Conservative
1833,3,3,3,1,3,3,3,3,Somewhat Conservative
1834,3,1,5,3,3,3,4,3,Somewhat Conservative
1850,4,5,4,2,1,5,2,1,Somewhat Conservative
1852,1,1,1,1,1,2,2,1,Somewhat Conservative
1855,1,3,2,4,1,5,2,2,Somewhat Conservative
1860,1,3,3,2,2,3,3,3,Somewhat Conservative
1909,1,1,2,3,5,1,1,1,Somewhat Conservative
1934,1,4,3,2,1,5,1,1,Somewhat Conservative
1940,2,1,3,3,2,3,3,3,Somewhat Conservative
1953,5,5,5,5,5,5,5,5,Somewhat Conservative
1954,3,4,4,1,3,3,4,2,Somewhat Conservative
1955,2,1,3,2,1,1,1,1,Somewhat Conservative
1957,2,4,2,1,1,3,3,1,Somewhat Conservative
1973,3,2,4,2,5,3,4,5,Somewhat Conservative
1974,4,4,5,4,2,3,3,2,Somewhat Conservative
1997,2,5,5,1,1,1,4,1,Somewhat Conservative
6,2,1,2,2,1,2,2,2,Somewhat Liberal
23,2,2,3,1,1,3,3,2,Somewhat Liberal
32,2,1,2,2,2,2,2,2,Somewhat Liberal
35,2,1,2,1,3,1,4,1,Somewhat Liberal
37,1,2,2,1,1,4,1,3,Somewhat Liberal
56,1,1,2,1,3,3,2,1,Somewhat Liberal
57,1,1,2,1,1,1,1,1,Somewhat Liberal
64,1,1,2,1,2,1,1,1,Somewhat Liberal
65,1,1,3,1,2,3,2,2,Somewhat Liberal
74,1,3,1,1,4,1,1,1,Somewhat Liberal
79,3,1,4,1,1,3,1,1,Somewhat Liberal
128,1,1,1,1,1,1,2,1,Somewhat Liberal
154,1,1,1,1,1,1,2,1,Somewhat Liberal
168,2,1,2,1,1,1,2,1,Somewhat Liberal
171,1,1,1,1,1,2,1,1,Somewhat Liberal
184,4,1,1,1,1,1,1,1,Somewhat Liberal
203,2,1,2,1,3,2,3,1,Somewhat Liberal
205,2,1,1,1,1,1,1,1,Somewhat Liberal
207,2,1,3,1,1,1,5,1,Somewhat Liberal
208,1,1,3,1,3,3,2,1,Somewhat Liberal
244,2,1,2,2,2,2,3,2,Somewhat Liberal
252,3,1,3,2,3,3,3,2,Somewhat Liberal
253,1,1,1,1,2,1,2,1,Somewhat Liberal
259,4,1,2,1,4,2,5,3,Somewhat Liberal
267,2,1,2,1,1,1,1,1,Somewhat Liberal
280,1,1,3,2,1,3,2,2,Somewhat Liberal
293,4,5,4,3,3,4,NA,4,Somewhat Liberal
297,1,2,2,1,1,1,1,1,Somewhat Liberal
303,1,1,4,1,3,3,4,1,Somewhat Liberal
306,2,1,3,1,3,3,4,1,Somewhat Liberal
325,5,5,5,3,5,4,5,4,Somewhat Liberal
335,1,2,3,1,1,1,2,1,Somewhat Liberal
338,2,2,4,2,3,3,3,3,Somewhat Liberal
360,1,1,4,1,1,1,1,1,Somewhat Liberal
362,1,1,1,1,2,1,2,1,Somewhat Liberal
417,2,1,2,1,3,2,4,2,Somewhat Liberal
418,2,1,3,1,2,1,2,3,Somewhat Liberal
438,2,1,2,2,2,1,3,2,Somewhat Liberal
443,3,1,4,3,2,2,3,4,Somewhat Liberal
449,1,3,4,1,3,3,2,3,Somewhat Liberal
457,3,1,4,1,3,1,2,2,Somewhat Liberal
461,1,1,1,1,1,1,2,1,Somewhat Liberal
464,5,4,5,4,4,3,3,3,Somewhat Liberal
483,1,1,2,1,1,1,1,1,Somewhat Liberal
487,1,1,2,1,1,1,1,1,Somewhat Liberal
498,2,1,5,3,2,4,2,1,Somewhat Liberal
528,1,1,1,1,1,1,3,1,Somewhat Liberal
533,2,1,3,1,1,3,4,1,Somewhat Liberal
534,2,2,2,2,2,2,4,2,Somewhat Liberal
544,4,5,5,3,5,3,3,4,Somewhat Liberal
546,5,1,3,1,2,2,5,4,Somewhat Liberal
550,2,1,2,1,2,4,4,2,Somewhat Liberal
552,2,1,3,1,1,1,1,1,Somewhat Liberal
554,3,2,3,1,2,2,3,2,Somewhat Liberal
558,5,1,3,2,3,2,3,2,Somewhat Liberal
561,1,1,5,3,3,3,4,3,Somewhat Liberal
577,2,1,3,1,3,2,2,2,Somewhat Liberal
583,2,5,4,3,2,3,3,3,Somewhat Liberal
588,1,1,2,2,1,2,2,2,Somewhat Liberal
590,1,2,3,1,4,1,2,3,Somewhat Liberal
592,2,1,2,1,1,1,2,1,Somewhat Liberal
604,2,1,1,1,1,1,3,1,Somewhat Liberal
634,2,1,2,1,2,1,2,1,Somewhat Liberal
638,1,1,1,1,1,1,1,1,Somewhat Liberal
639,2,1,3,3,4,3,4,2,Somewhat Liberal
666,1,1,1,1,2,1,1,1,Somewhat Liberal
668,5,1,5,1,1,1,5,5,Somewhat Liberal
680,1,3,5,1,5,2,2,2,Somewhat Liberal
682,4,2,3,3,2,3,3,3,Somewhat Liberal
717,3,1,4,3,2,3,2,3,Somewhat Liberal
725,1,1,1,1,4,1,2,1,Somewhat Liberal
751,5,1,4,3,3,3,3,3,Somewhat Liberal
766,4,1,4,3,4,3,2,2,Somewhat Liberal
787,1,1,1,1,1,1,1,1,Somewhat Liberal
788,3,2,4,2,2,3,3,2,Somewhat Liberal
794,2,1,1,1,1,1,2,2,Somewhat Liberal
796,1,1,3,3,3,3,2,3,Somewhat Liberal
801,2,1,2,1,2,1,2,1,Somewhat Liberal
804,3,1,3,2,2,3,5,1,Somewhat Liberal
806,1,1,2,1,1,3,3,1,Somewhat Liberal
812,1,1,3,1,2,1,5,1,Somewhat Liberal
815,1,1,2,1,2,3,1,1,Somewhat Liberal
828,1,1,4,1,1,3,3,3,Somewhat Liberal
832,1,1,1,1,1,1,1,1,Somewhat Liberal
840,1,1,2,1,3,1,2,1,Somewhat Liberal
841,2,1,1,1,1,1,3,1,Somewhat Liberal
859,1,2,3,2,2,2,3,3,Somewhat Liberal
863,2,3,3,2,3,3,2,2,Somewhat Liberal
880,2,1,1,1,1,1,1,1,Somewhat Liberal
886,2,1,2,1,4,2,4,1,Somewhat Liberal
892,3,1,3,1,4,3,3,2,Somewhat Liberal
904,4,5,5,5,3,5,5,5,Somewhat Liberal
906,1,1,2,3,1,3,1,3,Somewhat Liberal
909,1,1,2,1,3,3,4,3,Somewhat Liberal
910,5,1,3,3,5,3,3,3,Somewhat Liberal
912,3,2,4,3,3,3,4,3,Somewhat Liberal
914,1,1,2,1,1,1,1,1,Somewhat Liberal
922,1,1,1,2,1,2,3,3,Somewhat Liberal
923,2,1,1,1,3,1,1,1,Somewhat Liberal
925,1,1,5,2,3,3,3,3,Somewhat Liberal
930,3,3,3,3,4,3,3,3,Somewhat Liberal
958,1,1,1,1,1,1,1,1,Somewhat Liberal
965,4,1,3,2,1,1,2,2,Somewhat Liberal
978,3,3,3,3,3,3,3,3,Somewhat Liberal
982,3,4,4,3,3,3,3,3,Somewhat Liberal
987,5,4,3,NA,2,4,1,1,Somewhat Liberal
996,4,2,3,1,5,3,4,2,Somewhat Liberal
1002,1,1,1,1,1,1,4,5,Somewhat Liberal
1005,1,1,2,1,2,1,3,1,Somewhat Liberal
1007,4,5,4,3,2,5,5,4,Somewhat Liberal
1024,1,1,3,1,2,2,3,1,Somewhat Liberal
1041,2,5,2,1,1,2,3,1,Somewhat Liberal
1042,1,1,1,1,1,1,1,1,Somewhat Liberal
1047,4,2,4,3,3,3,4,3,Somewhat Liberal
1048,1,1,5,1,1,2,5,1,Somewhat Liberal
1052,3,1,3,1,1,1,4,2,Somewhat Liberal
1059,2,1,3,2,2,2,2,2,Somewhat Liberal
1065,1,1,3,2,1,3,3,2,Somewhat Liberal
1078,5,1,3,1,1,1,2,2,Somewhat Liberal
1099,1,1,2,1,1,1,1,1,Somewhat Liberal
1108,2,1,1,1,1,1,1,1,Somewhat Liberal
1116,2,2,3,1,3,3,3,1,Somewhat Liberal
1125,5,1,5,3,4,3,3,3,Somewhat Liberal
1127,5,3,3,3,3,3,2,2,Somewhat Liberal
1145,2,1,3,2,1,1,3,1,Somewhat Liberal
1163,1,1,1,1,1,1,2,1,Somewhat Liberal
1176,1,1,1,1,1,1,1,1,Somewhat Liberal
1180,2,1,3,3,1,3,2,1,Somewhat Liberal
1204,2,1,1,1,2,1,2,1,Somewhat Liberal
1209,1,1,3,NA,1,3,2,1,Somewhat Liberal
1214,4,1,3,2,1,1,2,3,Somewhat Liberal
1230,1,1,2,1,2,1,3,1,Somewhat Liberal
1258,1,1,2,1,1,1,3,1,Somewhat Liberal
1260,1,1,1,1,1,1,1,1,Somewhat Liberal
1266,2,1,2,1,3,3,2,1,Somewhat Liberal
1274,1,1,1,1,2,2,1,1,Somewhat Liberal
1276,1,1,1,1,1,1,1,1,Somewhat Liberal
1285,3,5,4,2,5,3,3,2,Somewhat Liberal
1299,3,1,3,2,3,3,3,2,Somewhat Liberal
1306,1,1,1,1,1,1,2,1,Somewhat Liberal
1318,3,3,4,2,3,3,3,3,Somewhat Liberal
1344,1,3,2,NA,1,2,1,1,Somewhat Liberal
1351,1,1,4,1,1,1,4,1,Somewhat Liberal
1355,1,1,2,1,1,1,1,1,Somewhat Liberal
1383,3,1,2,1,1,1,3,1,Somewhat Liberal
1386,3,1,3,3,4,4,4,2,Somewhat Liberal
1388,2,3,4,1,4,3,3,2,Somewhat Liberal
1392,1,1,3,1,2,3,3,2,Somewhat Liberal
1408,2,1,4,2,4,4,3,2,Somewhat Liberal
1417,2,1,3,1,2,3,2,3,Somewhat Liberal
1423,3,1,3,2,3,4,5,2,Somewhat Liberal
1429,1,1,3,2,1,3,1,1,Somewhat Liberal
1431,1,1,1,1,1,1,4,1,Somewhat Liberal
1434,2,1,2,1,1,1,1,1,Somewhat Liberal
1442,1,1,1,1,1,1,1,1,Somewhat Liberal
1446,1,3,3,1,4,2,3,1,Somewhat Liberal
1449,3,1,3,3,1,3,3,3,Somewhat Liberal
1455,1,1,3,1,1,3,4,1,Somewhat Liberal
1486,2,4,3,4,3,2,2,1,Somewhat Liberal
1527,1,1,1,1,1,1,1,3,Somewhat Liberal
1544,1,1,1,1,1,1,1,1,Somewhat Liberal
1545,1,1,1,1,1,1,1,1,Somewhat Liberal
1547,3,1,2,1,1,1,2,1,Somewhat Liberal
1561,1,1,3,1,1,1,1,1,Somewhat Liberal
1568,1,1,2,1,1,3,4,2,Somewhat Liberal
1570,1,1,1,1,1,1,1,1,Somewhat Liberal
1576,1,1,1,1,4,1,1,1,Somewhat Liberal
1583,1,1,1,1,1,1,2,1,Somewhat Liberal
1598,1,1,2,1,1,1,2,1,Somewhat Liberal
1604,1,1,2,2,1,2,2,2,Somewhat Liberal
1606,5,1,4,3,2,3,3,3,Somewhat Liberal
1624,3,2,3,3,3,3,4,3,Somewhat Liberal
1632,4,1,3,2,1,2,2,1,Somewhat Liberal
1633,1,1,2,1,1,1,1,1,Somewhat Liberal
1657,5,1,5,1,3,2,5,5,Somewhat Liberal
1660,5,5,1,1,5,5,2,1,Somewhat Liberal
1668,3,2,2,2,4,2,2,1,Somewhat Liberal
1687,4,1,5,1,1,2,3,4,Somewhat Liberal
1702,1,1,1,1,1,1,2,1,Somewhat Liberal
1704,2,3,3,2,3,3,2,2,Somewhat Liberal
1705,5,1,4,1,2,2,2,1,Somewhat Liberal
1714,1,1,1,1,1,1,1,1,Somewhat Liberal
1715,1,1,1,1,1,3,1,1,Somewhat Liberal
1723,2,1,3,2,4,2,1,2,Somewhat Liberal
1733,4,4,4,4,5,4,5,5,Somewhat Liberal
1745,5,4,4,4,3,3,5,5,Somewhat Liberal
1749,3,2,4,2,2,NA,3,2,Somewhat Liberal
1753,1,1,1,1,3,1,1,1,Somewhat Liberal
1767,1,1,3,1,1,1,2,1,Somewhat Liberal
1774,2,1,2,2,1,3,3,3,Somewhat Liberal
1778,1,1,1,1,1,1,1,1,Somewhat Liberal
1796,1,1,1,1,4,1,2,4,Somewhat Liberal
1799,1,1,2,2,2,2,2,2,Somewhat Liberal
1821,1,1,4,1,1,3,5,1,Somewhat Liberal
1828,1,4,4,5,3,4,4,5,Somewhat Liberal
1837,2,1,3,1,1,1,1,1,Somewhat Liberal
1842,3,2,3,3,3,3,3,3,Somewhat Liberal
1853,1,1,3,1,1,2,3,2,Somewhat Liberal
1863,2,1,2,1,1,2,4,2,Somewhat Liberal
1868,1,1,2,1,1,1,4,1,Somewhat Liberal
1871,1,1,2,3,5,3,1,3,Somewhat Liberal
1880,1,1,5,1,2,1,1,2,Somewhat Liberal
1888,1,1,3,1,1,3,2,1,Somewhat Liberal
1890,3,3,2,2,4,2,1,3,Somewhat Liberal
1899,3,2,4,3,4,3,4,4,Somewhat Liberal
1905,1,1,3,1,3,1,1,1,Somewhat Liberal
1907,1,1,1,1,1,1,1,1,Somewhat Liberal
1915,2,1,3,1,1,2,2,1,Somewhat Liberal
1917,1,1,1,1,1,1,1,1,Somewhat Liberal
1922,4,3,3,2,2,3,3,3,Somewhat Liberal
1926,2,1,3,1,1,1,3,1,Somewhat Liberal
1970,4,3,3,2,2,3,3,4,Somewhat Liberal
1977,3,5,3,4,3,3,5,5,Somewhat Liberal
1990,1,1,1,1,3,2,3,2,Somewhat Liberal
72,1,2,1,1,3,3,1,1,Very Conservative
80,1,1,2,1,4,3,1,1,Very Conservative
91,1,2,2,2,3,4,1,1,Very Conservative
92,5,3,4,2,5,3,5,3,Very Conservative
93,1,5,5,1,5,3,1,1,Very Conservative
94,1,3,3,2,3,4,1,2,Very Conservative
95,1,4,1,1,1,4,1,1,Very Conservative
98,1,3,2,4,4,3,1,1,Very Conservative
99,1,3,4,1,3,5,2,1,Very Conservative
102,5,5,5,3,3,5,1,2,Very Conservative
126,1,3,2,5,1,5,1,1,Very Conservative
127,1,2,1,3,4,4,1,1,Very Conservative
137,1,1,1,1,1,2,1,1,Very Conservative
147,1,3,1,4,4,4,1,2,Very Conservative
157,1,4,3,2,5,4,2,1,Very Conservative
161,1,5,4,3,4,3,3,3,Very Conservative
188,1,5,1,5,5,1,1,1,Very Conservative
190,1,3,1,1,2,4,2,1,Very Conservative
191,1,3,2,2,4,3,2,1,Very Conservative
210,5,5,5,5,5,5,5,5,Very Conservative
212,1,4,1,3,4,5,1,1,Very Conservative
216,2,3,1,1,1,4,1,1,Very Conservative
217,3,4,3,2,3,3,3,3,Very Conservative
219,3,1,3,3,5,3,3,3,Very Conservative
226,1,5,1,3,4,5,1,2,Very Conservative
240,5,5,5,5,5,5,5,5,Very Conservative
260,1,5,3,1,4,3,1,1,Very Conservative
265,2,3,3,1,5,3,1,1,Very Conservative
275,1,3,1,1,2,3,1,1,Very Conservative
276,3,4,5,3,2,3,4,2,Very Conservative
278,3,4,5,3,4,4,2,4,Very Conservative
279,2,4,2,2,2,2,2,2,Very Conservative
287,4,5,5,4,4,5,2,4,Very Conservative
289,1,2,2,2,1,3,3,2,Very Conservative
294,2,4,3,3,2,4,3,1,Very Conservative
319,1,5,3,1,3,1,1,1,Very Conservative
341,1,3,2,2,1,3,4,2,Very Conservative
351,4,5,5,3,2,5,4,2,Very Conservative
359,5,5,5,1,5,4,2,5,Very Conservative
363,1,4,2,2,2,4,2,2,Very Conservative
369,4,3,3,5,3,3,3,2,Very Conservative
381,4,5,3,3,2,3,2,5,Very Conservative
384,3,3,3,3,2,3,2,3,Very Conservative
386,1,4,2,1,5,5,2,1,Very Conservative
391,1,5,2,1,2,4,1,1,Very Conservative
399,1,3,3,3,5,5,1,3,Very Conservative
400,5,5,5,1,2,5,1,1,Very Conservative
409,1,3,2,3,2,5,1,1,Very Conservative
421,1,5,1,5,2,5,1,1,Very Conservative
444,1,2,2,1,1,1,1,1,Very Conservative
452,1,5,2,4,5,5,1,2,Very Conservative
456,1,3,2,1,4,2,3,2,Very Conservative
463,1,4,3,1,5,3,1,1,Very Conservative
465,2,4,3,2,5,3,2,2,Very Conservative
467,3,3,3,3,1,3,4,3,Very Conservative
485,1,3,1,1,3,2,1,1,Very Conservative
496,1,4,3,1,4,3,2,1,Very Conservative
503,1,4,3,3,2,5,1,1,Very Conservative
519,1,5,3,1,5,5,1,1,Very Conservative
524,1,2,3,1,1,3,3,1,Very Conservative
537,5,5,4,3,3,3,3,4,Very Conservative
567,1,4,2,1,2,1,1,1,Very Conservative
576,1,3,2,1,4,4,1,1,Very Conservative
586,1,5,1,1,3,5,1,1,Very Conservative
597,1,3,2,3,3,3,1,2,Very Conservative
603,1,4,2,2,4,2,2,2,Very Conservative
606,1,5,5,1,4,5,1,2,Very Conservative
610,2,4,4,2,5,5,2,2,Very Conservative
618,1,5,3,1,1,5,2,2,Very Conservative
629,2,2,2,2,3,4,1,1,Very Conservative
650,2,4,3,3,5,3,2,1,Very Conservative
652,1,5,3,2,3,4,2,2,Very Conservative
655,1,3,4,3,3,3,1,1,Very Conservative
662,1,1,1,1,4,3,3,3,Very Conservative
670,NA,5,5,3,5,5,2,3,Very Conservative
672,3,2,3,3,3,3,3,3,Very Conservative
676,1,5,3,1,3,1,3,1,Very Conservative
692,5,2,1,1,2,3,1,1,Very Conservative
695,3,3,3,3,5,3,5,5,Very Conservative
731,2,3,2,2,5,3,3,3,Very Conservative
733,2,4,4,2,4,4,3,3,Very Conservative
739,1,2,2,3,3,3,1,1,Very Conservative
741,1,5,2,1,2,4,2,5,Very Conservative
743,1,4,2,1,5,5,2,1,Very Conservative
744,1,5,5,3,4,4,1,4,Very Conservative
748,1,5,4,1,5,5,4,1,Very Conservative
754,1,1,2,3,4,5,1,NA,Very Conservative
774,3,1,3,2,4,3,3,3,Very Conservative
780,1,3,4,1,2,3,4,3,Very Conservative
792,1,3,4,2,5,3,1,2,Very Conservative
798,3,5,3,4,3,4,2,2,Very Conservative
822,2,3,3,2,3,4,1,1,Very Conservative
831,1,1,1,1,3,1,1,1,Very Conservative
835,2,4,3,3,4,1,3,3,Very Conservative
844,1,3,2,1,5,1,1,1,Very Conservative
858,NA,5,4,2,2,5,2,2,Very Conservative
870,3,3,3,3,3,3,3,NA,Very Conservative
875,4,2,2,1,3,3,NA,1,Very Conservative
889,1,5,3,1,1,1,1,1,Very Conservative
927,5,1,5,3,5,3,1,3,Very Conservative
932,2,3,3,2,5,3,3,2,Very Conservative
936,3,2,3,3,5,3,3,3,Very Conservative
951,1,5,2,2,4,1,1,2,Very Conservative
954,3,4,3,2,3,3,3,2,Very Conservative
963,1,4,2,4,3,5,2,1,Very Conservative
979,1,1,3,3,5,3,3,3,Very Conservative
986,2,4,3,2,4,4,2,2,Very Conservative
1001,1,5,3,2,5,4,4,3,Very Conservative
1015,1,4,2,2,1,5,1,1,Very Conservative
1022,1,1,1,1,3,2,1,1,Very Conservative
1025,3,3,4,3,4,4,4,3,Very Conservative
1035,3,2,3,2,1,2,1,2,Very Conservative
1038,1,2,2,1,5,4,1,1,Very Conservative
1046,3,3,4,3,4,4,4,3,Very Conservative
1054,1,3,2,2,1,3,2,1,Very Conservative
1066,5,3,4,2,4,4,4,3,Very Conservative
1072,1,5,5,1,3,5,1,1,Very Conservative
1080,1,3,1,1,1,4,1,1,Very Conservative
1086,1,3,2,2,4,4,2,2,Very Conservative
1094,1,4,2,2,5,1,1,1,Very Conservative
1106,3,4,4,2,4,4,3,3,Very Conservative
1121,2,5,5,4,3,5,2,2,Very Conservative
1122,2,4,4,4,1,5,1,1,Very Conservative
1124,1,2,1,1,4,3,1,1,Very Conservative
1129,1,4,3,3,4,3,2,2,Very Conservative
1137,3,4,3,3,4,2,2,5,Very Conservative
1148,1,2,3,3,3,5,1,2,Very Conservative
1156,1,5,4,2,5,3,1,2,Very Conservative
1168,1,4,3,3,5,5,1,2,Very Conservative
1172,3,4,3,2,2,3,3,2,Very Conservative
1179,2,3,2,2,1,3,2,1,Very Conservative
1183,1,3,1,1,5,5,1,1,Very Conservative
1193,5,3,3,2,3,3,2,4,Very Conservative
1207,3,1,4,4,3,4,3,3,Very Conservative
1217,1,5,1,1,1,4,1,1,Very Conservative
1226,2,2,2,2,2,2,2,3,Very Conservative
1229,1,3,1,1,3,5,1,1,Very Conservative
1231,1,3,3,2,4,4,2,1,Very Conservative
1238,1,5,1,1,4,3,1,1,Very Conservative
1249,5,5,5,5,5,5,5,5,Very Conservative
1262,1,4,2,2,3,4,2,1,Very Conservative
1280,1,3,2,2,5,4,2,2,Very Conservative
1289,1,3,1,3,1,5,1,1,Very Conservative
1298,1,5,3,3,3,5,3,1,Very Conservative
1300,1,5,1,1,3,5,1,1,Very Conservative
1302,5,3,1,2,4,5,2,3,Very Conservative
1319,1,2,1,1,1,4,1,1,Very Conservative
1331,3,5,1,3,3,5,1,3,Very Conservative
1332,5,5,4,5,4,3,3,3,Very Conservative
1340,1,3,3,3,3,4,1,1,Very Conservative
1348,1,5,3,1,1,4,1,1,Very Conservative
1353,1,3,3,2,3,4,3,2,Very Conservative
1356,1,4,3,3,3,5,2,2,Very Conservative
1359,1,4,2,1,5,3,1,1,Very Conservative
1362,1,3,1,1,1,4,1,1,Very Conservative
1367,1,5,2,2,3,5,1,4,Very Conservative
1374,1,5,3,1,4,4,1,1,Very Conservative
1378,1,5,4,1,4,1,1,1,Very Conservative
1381,1,5,2,2,5,4,1,1,Very Conservative
1393,4,5,4,5,5,5,1,1,Very Conservative
1395,1,3,1,1,3,2,1,1,Very Conservative
1398,2,4,3,2,3,4,3,2,Very Conservative
1425,1,5,3,1,1,5,1,1,Very Conservative
1426,1,5,1,1,3,5,5,1,Very Conservative
1444,3,5,3,5,2,3,3,2,Very Conservative
1461,1,1,3,1,4,4,1,1,Very Conservative
1464,2,4,3,4,4,4,4,3,Very Conservative
1475,1,3,3,3,2,4,NA,3,Very Conservative
1485,5,5,3,2,3,5,2,2,Very Conservative
1491,1,5,4,2,4,5,2,1,Very Conservative
1493,2,5,4,2,4,5,3,2,Very Conservative
1506,1,1,1,1,1,1,1,1,Very Conservative
1516,1,2,2,2,1,4,2,1,Very Conservative
1521,1,2,1,1,3,1,1,1,Very Conservative
1524,5,1,4,3,3,3,2,3,Very Conservative
1525,1,3,1,2,1,3,1,1,Very Conservative
1529,2,3,2,3,3,4,2,3,Very Conservative
1536,1,4,2,2,1,3,1,1,Very Conservative
1540,4,2,2,2,4,2,2,2,Very Conservative
1542,1,5,2,5,4,5,5,3,Very Conservative
1548,2,5,2,2,4,4,2,4,Very Conservative
1552,1,5,3,3,2,2,1,1,Very Conservative
1555,1,5,2,2,4,5,1,1,Very Conservative
1557,1,4,3,1,3,5,2,1,Very Conservative
1584,1,5,2,1,5,5,1,2,Very Conservative
1589,1,3,3,2,4,4,2,2,Very Conservative
1592,3,5,3,3,4,3,3,2,Very Conservative
1593,1,2,2,1,3,4,3,1,Very Conservative
1609,3,4,3,2,5,3,2,2,Very Conservative
1612,3,4,3,3,1,3,2,3,Very Conservative
1635,3,3,1,1,1,4,1,1,Very Conservative
1636,1,3,2,1,3,4,1,1,Very Conservative
1642,1,5,1,1,3,5,5,5,Very Conservative
1652,5,3,4,5,5,3,5,4,Very Conservative
1669,1,3,3,2,4,3,2,2,Very Conservative
1696,5,3,5,5,2,5,5,5,Very Conservative
1699,1,3,2,3,3,5,1,3,Very Conservative
1720,1,5,3,4,5,3,1,3,Very Conservative
1721,1,3,3,5,3,5,1,1,Very Conservative
1726,1,5,3,3,5,5,3,3,Very Conservative
1746,4,3,4,3,5,3,3,3,Very Conservative
1747,1,4,3,2,5,2,2,2,Very Conservative
1775,1,4,2,1,1,4,1,2,Very Conservative
1776,1,1,1,1,5,3,1,1,Very Conservative
1782,2,3,4,4,3,3,2,3,Very Conservative
1784,1,4,3,2,3,5,1,1,Very Conservative
1790,2,3,3,1,3,3,1,3,Very Conservative
1818,1,4,3,2,3,3,2,3,Very Conservative
1839,5,5,3,3,5,4,4,4,Very Conservative
1867,1,5,3,4,3,5,4,NA,Very Conservative
1883,1,1,1,1,5,1,1,1,Very Conservative
1912,1,1,1,1,4,1,1,1,Very Conservative
1941,1,1,3,5,3,3,5,3,Very Conservative
1949,3,3,3,3,4,3,3,3,Very Conservative
1956,3,4,3,2,1,4,3,5,Very Conservative
1991,1,4,3,4,3,4,1,3,Very Conservative
16,3,1,3,1,3,3,3,1,Very Liberal
36,3,2,4,3,1,1,3,3,Very Liberal
38,1,1,2,1,1,1,2,1,Very Liberal
39,2,1,3,1,1,1,1,1,Very Liberal
43,3,1,4,2,1,3,3,2,Very Liberal
46,3,1,3,1,1,2,3,1,Very Liberal
54,3,1,3,1,3,1,4,1,Very Liberal
63,5,3,4,3,3,4,5,4,Very Liberal
97,2,1,1,1,2,1,2,3,Very Liberal
105,3,1,3,1,1,1,3,1,Very Liberal
106,1,1,2,1,1,1,1,1,Very Liberal
112,2,1,3,1,3,1,2,1,Very Liberal
115,2,1,2,1,1,1,3,1,Very Liberal
120,1,1,1,1,1,1,2,1,Very Liberal
145,4,1,4,3,2,2,4,4,Very Liberal
150,5,1,3,1,2,1,1,1,Very Liberal
151,5,1,3,1,4,1,3,3,Very Liberal
159,3,1,3,1,1,2,4,1,Very Liberal
165,4,5,2,2,2,2,4,3,Very Liberal
166,2,2,2,1,2,2,1,2,Very Liberal
167,4,1,3,3,2,3,4,3,Very Liberal
182,5,1,4,1,1,1,3,1,Very Liberal
192,5,1,5,2,1,4,4,3,Very Liberal
198,1,1,1,1,2,2,1,1,Very Liberal
237,1,1,3,2,2,2,1,1,Very Liberal
238,5,4,4,3,2,2,3,5,Very Liberal
254,1,1,1,1,1,1,1,1,Very Liberal
258,5,3,3,4,3,3,5,3,Very Liberal
281,2,1,5,1,1,3,1,1,Very Liberal
292,5,5,5,3,3,3,5,5,Very Liberal
295,1,1,1,1,1,2,2,1,Very Liberal
299,1,1,2,1,1,1,1,1,Very Liberal
324,2,1,2,1,1,3,2,1,Very Liberal
330,3,1,3,1,3,1,1,3,Very Liberal
346,1,1,1,1,1,1,1,1,Very Liberal
355,3,1,1,1,1,1,1,1,Very Liberal
382,2,1,4,4,1,1,5,2,Very Liberal
423,1,1,1,1,1,1,1,1,Very Liberal
426,1,1,1,1,2,1,2,2,Very Liberal
447,2,1,3,1,1,1,3,1,Very Liberal
486,1,1,1,1,1,1,1,1,Very Liberal
494,2,1,3,1,1,1,4,1,Very Liberal
497,2,1,3,1,1,3,4,2,Very Liberal
502,2,1,2,1,1,1,2,1,Very Liberal
504,3,1,1,1,2,1,1,1,Very Liberal
543,3,1,4,1,1,1,3,1,Very Liberal
557,3,2,3,2,1,1,4,3,Very Liberal
575,2,1,1,1,1,1,1,1,Very Liberal
579,1,1,3,1,2,2,3,1,Very Liberal
587,3,1,3,1,1,3,4,2,Very Liberal
598,1,1,4,1,1,1,2,1,Very Liberal
602,2,1,5,1,1,2,2,1,Very Liberal
622,4,1,3,1,1,3,3,3,Very Liberal
631,5,3,3,3,5,3,5,3,Very Liberal
646,2,1,1,1,1,1,2,1,Very Liberal
649,2,3,5,2,3,2,2,2,Very Liberal
656,4,1,5,1,3,3,3,3,Very Liberal
669,5,5,5,5,4,5,4,4,Very Liberal
673,1,1,1,1,1,3,5,1,Very Liberal
679,2,2,4,3,2,3,3,1,Very Liberal
694,3,2,4,3,3,3,3,3,Very Liberal
716,1,1,2,2,2,3,1,1,Very Liberal
721,1,1,3,1,1,1,1,1,Very Liberal
722,2,1,5,3,1,1,1,1,Very Liberal
728,3,1,2,3,1,1,3,3,Very Liberal
732,2,1,1,1,1,1,3,2,Very Liberal
746,5,5,5,5,5,5,5,5,Very Liberal
760,3,3,3,3,4,1,3,3,Very Liberal
771,5,5,5,5,5,5,5,5,Very Liberal
779,4,1,4,1,2,5,5,3,Very Liberal
783,2,1,3,1,1,1,1,2,Very Liberal
795,1,1,1,1,1,1,1,1,Very Liberal
797,2,2,3,1,2,2,2,2,Very Liberal
820,1,1,3,1,2,1,1,2,Very Liberal
836,2,2,4,5,5,4,5,4,Very Liberal
842,1,1,3,1,1,1,1,1,Very Liberal
851,4,1,4,1,1,3,3,1,Very Liberal
877,5,5,4,5,5,5,5,4,Very Liberal
879,5,1,5,3,1,2,5,5,Very Liberal
893,3,1,3,3,4,3,4,4,Very Liberal
901,2,3,3,2,3,3,3,3,Very Liberal
908,4,1,4,2,1,3,4,3,Very Liberal
913,2,1,2,2,1,1,2,2,Very Liberal
948,2,5,5,2,1,1,4,2,Very Liberal
957,4,4,4,3,4,2,2,3,Very Liberal
961,1,1,1,3,3,3,2,1,Very Liberal
995,1,1,3,1,1,1,1,1,Very Liberal
1043,1,1,1,1,1,2,3,2,Very Liberal
1055,1,1,3,1,1,1,1,1,Very Liberal
1102,1,1,1,1,1,1,3,1,Very Liberal
1105,2,1,3,1,1,1,1,1,Very Liberal
1113,1,1,NA,4,1,2,2,2,Very Liberal
1115,1,1,1,1,1,1,2,1,Very Liberal
1120,2,1,3,1,1,2,3,1,Very Liberal
1135,1,1,1,1,1,1,1,1,Very Liberal
1138,1,1,1,5,3,2,2,1,Very Liberal
1139,2,1,4,2,1,3,2,1,Very Liberal
1153,3,1,3,2,2,3,3,3,Very Liberal
1154,3,2,4,3,5,3,4,3,Very Liberal
1165,3,1,2,2,1,1,3,3,Very Liberal
1184,4,1,5,4,1,3,3,5,Very Liberal
1190,1,1,5,2,3,2,2,2,Very Liberal
1194,2,1,2,1,1,1,4,1,Very Liberal
1196,2,1,4,3,2,3,3,2,Very Liberal
1198,4,1,3,2,2,1,1,1,Very Liberal
1205,3,1,3,3,1,3,1,1,Very Liberal
1208,2,1,3,5,1,3,4,4,Very Liberal
1242,4,1,2,1,1,1,1,3,Very Liberal
1244,1,1,2,1,1,1,4,2,Very Liberal
1269,3,3,3,3,3,3,5,3,Very Liberal
1277,1,1,1,1,1,1,1,1,Very Liberal
1320,3,1,5,2,1,3,5,2,Very Liberal
1357,3,1,3,2,1,1,5,5,Very Liberal
1358,3,1,3,4,2,3,4,5,Very Liberal
1370,5,5,5,1,3,3,5,3,Very Liberal
1379,3,1,5,5,5,5,5,5,Very Liberal
1382,3,2,3,1,1,1,2,1,Very Liberal
1404,3,1,3,1,1,1,4,1,Very Liberal
1412,1,1,1,1,1,1,1,1,Very Liberal
1414,1,1,2,1,1,1,1,1,Very Liberal
1424,1,1,1,1,1,1,1,1,Very Liberal
1433,2,1,2,1,1,1,1,1,Very Liberal
1438,3,1,3,2,2,3,3,2,Very Liberal
1479,1,1,1,1,3,1,1,1,Very Liberal
1492,1,1,1,1,3,1,1,1,Very Liberal
1504,1,1,1,1,1,1,1,1,Very Liberal
1505,3,1,4,2,1,2,4,2,Very Liberal
1522,2,1,2,1,1,3,2,2,Very Liberal
1526,1,1,3,2,2,3,2,2,Very Liberal
1546,2,5,5,1,3,4,3,2,Very Liberal
1573,2,1,3,3,5,3,3,1,Very Liberal
1574,1,1,1,1,1,1,1,1,Very Liberal
1650,1,1,3,1,1,3,3,1,Very Liberal
1659,3,5,4,3,3,3,3,3,Very Liberal
1673,4,2,4,5,3,4,4,3,Very Liberal
1679,1,1,4,3,1,3,5,2,Very Liberal
1681,3,4,3,4,3,3,4,3,Very Liberal
1684,4,2,4,1,5,3,3,3,Very Liberal
1690,1,1,1,1,1,1,2,1,Very Liberal
1708,2,1,2,2,NA,1,4,2,Very Liberal
1709,3,1,5,1,3,3,5,1,Very Liberal
1718,1,1,2,1,1,1,4,1,Very Liberal
1728,4,5,3,3,5,1,1,3,Very Liberal
1738,2,3,3,3,3,2,4,2,Very Liberal
1741,2,1,4,1,1,2,3,1,Very Liberal
1759,2,4,1,5,5,1,3,4,Very Liberal
1764,5,1,4,3,2,2,1,2,Very Liberal
1788,5,5,1,2,4,2,1,2,Very Liberal
1800,1,1,1,1,1,1,1,1,Very Liberal
1805,4,2,5,4,4,5,4,2,Very Liberal
1813,2,1,2,1,1,2,1,1,Very Liberal
1819,1,1,1,1,1,1,1,1,Very Liberal
1823,1,1,4,1,1,2,3,1,Very Liberal
1827,4,1,3,3,2,3,4,3,Very Liberal
1849,4,1,4,1,1,1,5,1,Very Liberal
1857,1,1,2,1,1,1,2,3,Very Liberal
1859,2,1,3,1,2,3,3,1,Very Liberal
1864,1,1,2,1,1,1,1,1,Very Liberal
1869,1,1,3,1,1,1,1,1,Very Liberal
1877,1,1,1,2,3,1,1,3,Very Liberal
1878,2,1,2,1,3,3,3,3,Very Liberal
1879,2,1,2,2,1,2,1,2,Very Liberal
1884,5,1,5,5,5,5,5,5,Very Liberal
1893,2,1,1,1,3,1,4,1,Very Liberal
1903,3,1,3,1,1,3,4,3,Very Liberal
1906,3,2,3,5,3,3,3,3,Very Liberal
1916,5,3,4,3,2,3,3,3,Very Liberal
1944,4,1,2,2,3,1,3,1,Very Liberal
1971,1,1,2,1,1,1,2,1,Very Liberal
1975,3,1,3,2,3,2,2,2,Very Liberal
1993,2,1,3,2,1,1,1,1,Very Liberal
